"","category","subcategory","ID","Description","GeneRatio","BgRatio","pvalue","p.adjust","qvalue","geneID","Count"
"hsa04640","Organismal Systems","Immune system","hsa04640","Hematopoietic cell lineage","49/1445","70/4608",2.54851828052611e-11,8.28268441170984e-09,7.51142230049799e-09,"3563/1438/2322/100133941/3678/930/3553/951/933/952/290/3109/3108/924/3122/2323/3112/3115/2208/3113/3123/3117/3119/920/921/4311/2815/945/909/911/3566/916/1436/2811/960/3676/2209/931/7850/915/3127/929/926/925/1604/1380/1378/912/3655",49
"hsa05150","Human Diseases","Infectious disease: bacterial","hsa05150","Staphylococcus aureus infection","28/1445","37/4608",3.38367115189689e-08,5.49846562183245e-06,4.98646275016384e-06,"3689/1669/5724/25984/2204/1675/3109/3108/3122/6403/3112/3115/3113/3123/3117/3119/3858/820/2357/2209/719/3127/2213/712/713/3075/2212/2215",28
"hsa04514","Environmental Information Processing","Signaling molecules and interaction","hsa04514","Cell adhesion molecules","44/1445","73/4608",2.68843800152451e-07,2.91247450165155e-05,2.64127242255039e-05,"4267/57555/1000/5797/3689/139065/3695/9080/7122/933/5792/3109/3108/201633/6402/3133/3122/958/3135/6403/3112/3115/3113/3123/3117/3107/84628/959/5175/3119/920/29126/1462/3688/3676/83700/942/5817/3127/90952/940/926/925/3655",44
"hsa04612","Organismal Systems","Immune system","hsa04612","Antigen processing and presentation","37/1445","62/4608",3.40017768879692e-06,0.00027626443721475,0.000250539408648194,"5720/5721/3824/821/3804/3812/3811/1514/3109/10437/3108/3305/3303/3304/3133/3122/3135/3112/6890/3115/6891/3113/3123/3117/3107/3119/920/811/3310/4261/1520/3326/3822/3127/972/926/925",37
"hsa04610","Organismal Systems","Immune system","hsa04610","Complement and coagulation cascades","24/1445","35/4608",6.21601331201582e-06,0.000344281036854684,0.000312222478767001,"11326/3689/2157/5265/5329/1675/5055/3687/2162/7056/710/7450/5627/719/2161/2153/5270/712/713/722/3075/1604/1380/1378",24
"hsa05322","Human Diseases","Immune disease","hsa05322","Systemic lupus erythematosus","23/1445","33/4608",6.35595760347108e-06,0.000344281036854684,0.000312222478767001,"1991/1511/3109/3108/3122/958/3112/87/3115/3113/3123/3117/959/3119/2209/942/3127/940/6737/712/713/2212/2215",23
"hsa05310","Human Diseases","Immune disease","hsa05310","Asthma","15/1445","18/4608",7.69748755172629e-06,0.000357383350615864,0.000324104739020055,"3109/3108/3122/958/3112/3115/6037/3113/3123/3117/959/3119/2207/3127/2206",15
"hsa04672","Organismal Systems","Immune system","hsa04672","Intestinal immune network for IgA production","20/1445","28/4608",1.46529218687091e-05,0.000529973619127911,0.000480623848925717,"115650/3695/23495/3109/3108/3122/958/3112/3115/3113/3123/3117/959/3119/8741/608/3676/942/3127/940",20
"hsa05332","Human Diseases","Immune disease","hsa05332","Graft-versus-host disease","21/1445","30/4608",1.4676192529696e-05,0.000529973619127911,0.000480623848925717,"3824/3804/3812/3811/3553/3109/3108/3133/3122/3135/3112/3115/3113/3123/3117/3107/3119/3002/942/3127/940",21
"hsa04940","Human Diseases","Endocrine and metabolic disease","hsa04940","Type I diabetes mellitus","20/1445","29/4608",3.33470195281539e-05,0.001083778134665,0.000982859522935062,"3553/4049/3109/3108/3133/3122/5799/3135/3112/3115/3113/3123/3117/3107/3119/3002/3329/942/3127/940",20
"hsa05320","Human Diseases","Immune disease","hsa05320","Autoimmune thyroid disease","18/1445","26/4608",7.75493782105594e-05,0.00210029565986932,0.00190472157008392,"3109/3108/3133/3122/958/3135/3112/3115/3113/3123/3117/3107/959/3119/3002/942/3127/940",18
"hsa05330","Human Diseases","Immune disease","hsa05330","Allograft rejection","18/1445","26/4608",7.75493782105594e-05,0.00210029565986932,0.00190472157008392,"3109/3108/3133/3122/958/3135/3112/3115/3113/3123/3117/3107/959/3119/3002/942/3127/940",18
"hsa04145","Cellular Processes","Transport and catabolism","hsa04145","Phagosome","53/1445","110/4608",0.000141719024010199,0.00331189107927847,0.00300349636339424,"71/4689/81027/3689/821/84617/23480/3678/2204/1514/3109/3108/3133/3122/4074/3135/3112/6890/203068/3115/6891/3113/3123/7280/3117/3107/1536/3119/10376/811/23545/10952/155066/653361/9902/9114/533/3688/1535/526/1520/8685/7277/2209/7097/3127/929/7846/2213/4688/9341/2212/2215",53
"hsa05321","Human Diseases","Immune disease","hsa05321","Inflammatory bowel disease","25/1445","42/4608",0.000142666077261226,0.00331189107927847,0.00300349636339424,"3460/4094/6095/3553/3606/3109/3108/3122/3112/3115/3113/3123/3117/3119/3566/50615/64127/8809/7097/3127/8807/6772/6097/6775/7100",25
"hsa04060","Environmental Information Processing","Signaling molecules and interaction","hsa04060","Cytokine-cytokine receptor interaction","53/1445","112/4608",0.000252872118226918,0.00547889589491656,0.00496871530551137,"3563/1438/654/3588/3460/115650/2833/1236/6348/6351/6352/8743/3553/23765/3560/23495/10913/3606/4049/958/9466/23529/8795/959/920/3627/5197/2919/5473/6374/9235/10663/939/1230/1232/8741/3566/50615/1436/608/8809/7850/8742/659/1524/163702/7132/8807/7048/8784/3604/7293/7292",53
"hsa05323","Human Diseases","Immune disease","hsa05323","Rheumatoid arthritis","29/1445","55/4608",0.000749462849926461,0.0152234641391312,0.0138058946039085,"3689/6348/6352/3553/1514/3606/3109/3108/3122/3112/3115/3113/3123/3117/3119/23545/2919/6374/155066/9114/533/8741/526/1513/54/942/7097/3127/940",29
"hsa00983","Metabolism","Xenobiotics biodegradation and metabolism","hsa00983","Drug metabolism - other enzymes","23/1445","41/4608",0.000853065844391598,0.0154025777459594,0.0139683296157689,"51733/2990/1066/1890/8833/1806/4259/7371/4830/978/50484/4258/7084/7083/6240/2950/6241/3615/51727/2948/2944/2947/2946",23
"hsa04061","Environmental Information Processing","Signaling molecules and interaction","hsa04061","Viral protein interaction with cytokine and cytokine receptor","23/1445","41/4608",0.000853065844391598,0.0154025777459594,0.0139683296157689,"3588/2833/1236/6348/6351/6352/8743/3560/3606/4049/8795/3627/5197/2919/5473/6374/1230/1232/1436/8809/1524/7132/8807",23
"hsa05140","Human Diseases","Infectious disease: parasitic","hsa05140","Leishmaniasis","30/1445","58/4608",0.000926793211360415,0.0158530417732703,0.0143768476000508,"4689/3460/3689/2002/3553/3109/3108/3122/3112/3115/3113/3123/3117/1536/3119/5777/3654/653361/3688/1535/1432/3676/2209/7097/3127/6772/4688/2212/2215/1378",30
"hsa05340","Human Diseases","Immune disease","hsa05340","Primary immunodeficiency","18/1445","30/4608",0.00108338619787377,0.0176050257154488,0.0159656913370872,"115650/930/23495/958/6890/6891/695/959/920/64421/4261/916/973/915/7374/926/925/3932",18
"hsa05171","Human Diseases","Infectious disease: viral","hsa05171","Coronavirus disease - COVID-19","67/1445","158/4608",0.00189315720472506,0.0292988615016973,0.0265706274347377,"6130/10379/4599/4600/6227/6210/6850/6187/6156/51284/57506/6206/6129/5578/6144/3553/6188/6217/5335/1675/6181/6133/2162/6224/6209/6234/6141/3661/6403/6132/6222/23521/1536/6194/6143/3627/6124/3654/7450/6161/7311/25873/6157/4938/5610/4940/4939/6169/6231/9636/1432/6223/6128/7097/6193/834/719/6773/7132/51121/6772/9349/712/713/5293/2212/103",67
"hsa04658","Organismal Systems","Immune system","hsa04658","Th1 and Th2 cell differentiation","33/1445","68/4608",0.00214574125635104,0.0316984503779131,0.0287467728123584,"182/3460/4094/5530/28514/5335/3560/4851/3109/3108/5534/3122/3112/3115/3113/3123/3117/3119/920/3516/6776/3566/916/1432/4794/915/3127/4853/6772/3932/919/6775/864",33
"hsa00010","Metabolism","Carbohydrate metabolism","hsa00010","Glycolysis / Gluconeogenesis","22/1445","41/4608",0.00239386314217208,0.0338263270089533,0.0306765070850426,"5106/3939/9562/5223/3099/130589/669/2203/230/2026/7167/55902/5214/3945/3098/5315/2597/92579/221/3101/217/2023",22
"hsa04512","Environmental Information Processing","Signaling molecules and interaction","hsa04512","ECM-receptor interaction","17/1445","30/4608",0.00348946864276059,0.0472532212040497,0.0428531236830248,"1291/3911/3695/3678/51206/3915/6696/7450/1298/2815/3688/2811/960/3676/1293/3691/3655",17
"hsa05412","Human Diseases","Cardiovascular disease","hsa05412","Arrhythmogenic right ventricular cardiomyopathy","21/1445","41/4608",0.006135923096276,0.079767000251588,0.0723393038718855,"71/93589/1000/3695/3678/8910/1824/51176/59283/3688/488/3676/1832/3728/3691/55799/6932/1499/9254/3655/4000",21
"hsa04142","Cellular Processes","Transport and catabolism","hsa04142","Lysosome","49/1445","115/4608",0.00657456138884007,0.0821820173605009,0.0745294408451506,"2548/2581/4668/285362/55353/2990/10577/410/51172/8905/175/1514/3988/1511/4864/4758/1512/5660/4074/4125/1201/5476/20/1521/23545/950/3425/1200/5538/9114/2717/533/1211/2799/1510/1513/1520/54/1777/8546/6448/1212/2517/2760/27074/2720/6272/3074/6556",49
"hsa04662","Organismal Systems","Immune system","hsa04662","B cell receptor signaling pathway","34/1445","75/4608",0.0072599537298527,0.0873883319334121,0.0792509568950782,"4067/55024/6850/640/5530/930/933/11025/102725035/107987425/107987462/79168/10288/353514/11024/10859/11006/5534/695/971/5777/2885/8519/2932/5605/84433/973/4794/974/975/25780/2213/5293/1380",34
"hsa00480","Metabolism","Metabolism of other amino acids","hsa00480","Glutathione metabolism","19/1445","37/4608",0.00867043166524521,0.100638938971596,0.0912677017394233,"2882/290/4259/50484/3418/4258/6240/51056/2950/6241/2729/6723/2879/2878/2876/2948/2944/2947/2946",19
"hsa04380","Organismal Systems","Development and regeneration","hsa04380","Osteoclast differentiation","44/1445","104/4608",0.0112319497793622,0.125875299251473,0.114154117539797,"10379/4689/10326/3460/6850/5530/3553/2274/126014/11025/102725035/107987425/107987462/79168/10288/353514/11024/10859/11006/5534/3709/695/2885/4791/653361/1535/1436/1513/54/1432/488/2209/5971/6773/7132/6688/6772/2213/7048/3932/4688/5293/2212/2215",44
"hsa00532","Metabolism","Glycan biosynthesis and metabolism","hsa00532","Glycosaminoglycan biosynthesis - chondroitin sulfate / dermatan sulfate","10/1445","17/4608",0.0174188431126833,0.183542722366043,0.166451699635602,"56548/64131/51363/92126/10090/55454/55790/64132/166012/126792",10
"hsa04670","Organismal Systems","Immune system","hsa04670","Leukocyte transendothelial migration","30/1445","68/4608",0.0175071519795303,0.183542722366043,0.166451699635602,"71/4267/4689/3689/103910/10398/4318/2771/9080/7122/5578/5335/87/394/1536/5175/4478/5747/653361/3688/1535/1432/3676/83700/5829/90952/1499/4688/5293/2773",30
"hsa05416","Human Diseases","Cardiovascular disease","hsa05416","Viral myocarditis","22/1445","47/4608",0.0184912696734577,0.187801957621055,0.170314325939742,"71/637/3689/8910/3109/3108/3133/3122/958/3135/3112/3115/3113/3123/3117/3107/959/3119/942/3127/940/1604",22
"hsa00590","Metabolism","Lipid metabolism","hsa00590","Arachidonic acid metabolism","12/1445","22/4608",0.019922808606015,0.196209478695602,0.177938960436498,"874/8644/4056/4051/4048/246/2053/239/8605/6916/2879/151056",12
"hsa05144","Human Diseases","Infectious disease: parasitic","hsa05144","Malaria","14/1445","27/4608",0.0209087030547254,0.199862602728993,0.181251915025484,"3689/3553/3043/3606/4035/958/6403/959/5175/2994/7097/975/3820/1378",14
"hsa05164","Human Diseases","Infectious disease: viral","hsa05164","Influenza A","49/1445","122/4608",0.0229905572364448,0.213483745766987,0.19360469251743,"71/10379/4599/4600/637/5371/3460/3665/51284/57506/8766/5578/6352/8743/3553/29107/3606/3109/3108/3122/9230/3661/3112/3115/3113/3123/8795/3117/292/3838/3119/3627/5605/4261/4938/5610/4940/4939/91543/578/3836/834/3127/6773/7132/6772/7416/5293/103",49
"hsa04614","Organismal Systems","Endocrine system","hsa04614","Renin-angiotensin system","7/1445","11/4608",0.027515318521605,0.248402181097823,0.225271613627175,"290/1511/1359/5476/5547/4311/4012",7
"hsa05202","Human Diseases","Cancer: overview","hsa05202","Transcriptional misregulation in cancer","45/1445","112/4608",0.0283346623108503,0.248885547325036,0.225709970043757,"2308/2322/5371/860/4318/1669/4094/3695/4300/3480/1031/3560/1991/890/4066/958/1655/4299/3002/3486/5747/6667/7704/1026/1053/64919/4609/1436/4149/2209/578/942/7850/1050/4005/929/9611/64332/3728/6688/1848/4208/7048/8864/85414",45
"hsa04978","Organismal Systems","Digestive system","hsa04978","Mineral absorption","13/1445","26/4608",0.036009981111065,0.291304094867612,0.264178612349576,"4502/4493/4494/483/482/2512/538/1317/140803/79901/2495/481/493",13
"hsa00260","Metabolism","Amino acid metabolism","hsa00260","Glycine, serine and threonine metabolism","11/1445","21/4608",0.0360464416236361,0.291304094867612,0.264178612349576,"9380/5223/6472/23464/8639/314/212/669/2593/63826/26227",11
"hsa00980","Metabolism","Xenobiotics biodegradation and metabolism","hsa00980","Metabolism of xenobiotics by cytochrome P450","11/1445","21/4608",0.0360464416236361,0.291304094867612,0.264178612349576,"874/4259/29785/4258/2950/221/8574/2948/2944/2947/2946",11
"hsa04260","Organismal Systems","Circulatory system","hsa04260","Cardiac muscle contraction","18/1445","39/4608",0.0367491319679142,0.291304094867612,0.264178612349576,"93589/1329/29796/483/482/1537/1351/1337/59283/9377/1340/488/4635/55799/481/7384/9254/7388",18
"hsa04080","Environmental Information Processing","Signaling molecules and interaction","hsa04080","Neuroactive ligand-receptor interaction","29/1445","69/4608",0.038693169255495,0.299411428762759,0.271531012319263,"706/10161/10800/5732/5023/5724/5739/27346/4987/1511/133/51738/10316/1145/6915/5029/5368/7433/79957/3001/53829/84634/2357/5026/719/2150/140/2859/10911",29
"hsa04613","Organismal Systems","Immune system","hsa04613","Neutrophil extracellular trap formation","36/1445","89/4608",0.0420197946925774,0.310373483524719,0.281472308945495,"71/4689/23569/3689/6850/6714/51284/5578/5335/566/1991/10105/1511/6403/1536/292/7450/837/653361/27180/5605/820/1535/2811/1432/2357/2209/9759/7097/834/7416/4688/5293/2212/2215/1378",36
"hsa05418","Human Diseases","Cardiovascular disease","hsa05418","Fluid shear stress and atherosclerosis","36/1445","89/4608",0.0420197946925774,0.310373483524719,0.281472308945495,"71/6612/5155/6714/4318/3553/808/1514/4259/7056/5175/9817/4258/5747/2950/653361/4205/7184/1535/7295/1432/3326/7850/659/7132/5562/10365/5590/4208/1499/4688/5293/2948/2944/2947/2946",36
"hsa00830","Metabolism","Metabolism of cofactors and vitamins","hsa00830","Retinol metabolism","7/1445","12/4608",0.0484368771547673,0.349821890562208,0.317247382534148,"10901/216/157506/51109/29785/10170/9249",7
"hsa00052","Metabolism","Carbohydrate metabolism","hsa00052","Galactose metabolism","11/1445","22/4608",0.0521700746412572,0.360750516136353,0.327158362811915,"2548/3099/130589/8972/5214/3098/2584/2717/92579/3101/2720",11
"hsa00410","Metabolism","Metabolism of other amino acids","hsa00410","beta-Alanine metabolism","11/1445","22/4608",0.0521700746412572,0.360750516136353,0.327158362811915,"51733/55748/8639/314/1806/1892/18/4329/221/51/217",11
"hsa05145","Human Diseases","Infectious disease: parasitic","hsa05145","Toxoplasmosis","33/1445","82/4608",0.0536943454144342,0.363555463743565,0.329702120965824,"3911/3588/3460/2771/10105/146850/3915/3109/3108/3305/3303/3304/3122/958/3112/3115/3113/3123/3117/959/3119/3654/3310/3688/4261/5294/1432/7097/3127/7132/6772/3655/2773",33
"hsa01232","Metabolism","Global and overview maps","hsa01232","Nucleotide metabolism","25/1445","60/4608",0.0580547391169848,0.385056943122858,0.349201438297653,"4860/1890/26289/8833/132/56953/7371/4830/978/50484/7084/7083/6240/51251/6241/50808/1716/129607/272/3615/115024/1503/51727/2987/84284",25
"hsa00561","Metabolism","Lipid metabolism","hsa00561","Glycerolipid metabolism","15/1445","33/4608",0.0619818423165109,0.394020588497258,0.357330412240428,"56894/9663/1608/10554/1606/253558/1609/2717/10555/11343/129642/84649/217/150763/128966744",15
"hsa00860","Metabolism","Metabolism of cofactors and vitamins","hsa00860","Porphyrin metabolism","10/1445","20/4608",0.0630432941595612,0.394020588497258,0.357330412240428,"644/2990/212/2395/2512/7389/7390/3145/645/2495",10
"hsa03430","Genetic Information Processing","Replication and repair","hsa03430","Mismatch repair","10/1445","20/4608",0.0630432941595612,0.394020588497258,0.357330412240428,"5111/10714/27030/6117/5982/57804/6118/4437/5984/2956",10
"hsa04650","Organismal Systems","Immune system","hsa04650","Natural killer cell mediated cytotoxicity","34/1445","86/4608",0.0646800636937502,0.396623032084317,0.359690523023834,"637/3460/3824/3689/6850/5530/5578/3804/3812/3811/8743/5335/5058/259197/5534/3133/3135/7462/8795/3107/10870/100507436/5777/2885/3002/2207/5605/3822/117157/3932/5293/2215/919/51744",34
"hsa04974","Organismal Systems","Digestive system","hsa04974","Protein digestion and absorption","13/1445","28/4608",0.0673831723624364,0.405546870699849,0.367783396909984,"80781/1291/483/482/1359/5547/1298/1803/4311/9056/1293/3783/481",13
"hsa00620","Metabolism","Carbohydrate metabolism","hsa00620","Pyruvate metabolism","14/1445","31/4608",0.0739187173960489,0.436792420976653,0.396119442505143,"5106/3939/9380/4199/3029/55902/4190/3945/5315/4191/2739/2271/217/10873",14
"hsa00240","Metabolism","Nucleotide metabolism","hsa00240","Pyrimidine metabolism","18/1445","42/4608",0.0764839838680808,0.443880263520112,0.402547283516215,"51733/1890/1806/56953/7371/318/4830/978/50484/7084/7083/6240/51251/6241/129607/115024/1503/51727",18
"hsa01200","Metabolism","Global and overview maps","hsa01200","Carbon metabolism","33/1445","85/4608",0.0855616888463462,0.48785173465022,0.442424245188863,"847/4199/5223/6472/3099/8802/6888/1892/2746/2203/230/3418/2026/7167/55902/4190/2806/5214/3098/5315/26227/4191/4329/2597/8277/1431/22934/2271/5096/3101/51/10873/2023",33
"hsa00982","Metabolism","Xenobiotics biodegradation and metabolism","hsa00982","Drug metabolism - cytochrome P450","8/1445","16/4608",0.0930580765368379,0.521446118525385,0.47289040708375,"4259/4258/2950/221/2948/2944/2947/2946",8
"hsa04659","Organismal Systems","Immune system","hsa04659","Th17 cell differentiation","32/1445","83/4608",0.0971361044649395,0.53085289042668,0.481421244759419,"3460/6095/5530/3553/5335/3560/3109/3108/5534/3122/3112/3115/3113/3123/9466/3117/3119/920/6776/3566/50615/916/1432/3326/4794/915/3127/6772/7048/3932/6097/919",32
"hsa04921","Organismal Systems","Endocrine system","hsa04921","Oxytocin signaling pathway","34/1445","89/4608",0.0998905948622834,0.53085289042668,0.481421244759419,"71/93589/115/10398/29904/6714/2771/2002/5530/5578/808/952/146850/10645/5534/3709/57118/3759/8536/59283/1026/5564/1938/5605/5501/5294/8605/5562/6261/55799/4208/9254/4660/2773",34
"hsa05169","Human Diseases","Infectious disease: viral","hsa05169","Epstein-Barr virus infection","59/1445","163/4608",0.103083413136302,0.53085289042668,0.481421244759419,"10379/637/4067/6850/3665/57506/930/8819/890/3109/3108/3133/3122/958/3661/3135/3112/6890/5701/3115/2208/6891/3113/3123/3117/3107/695/7431/3119/3627/811/4791/3516/3654/1871/1026/4609/4938/5610/4940/4939/916/5719/9636/1432/960/7874/5971/578/4794/7097/915/3127/6773/6772/5293/1380/919/864",59
"hsa04820",NA,NA,"hsa04820","Cytoskeleton in muscle cells","38/1445","101/4608",0.104323512259469,0.53085289042668,0.481421244759419,"71/1291/10398/7791/3695/3678/8910/10611/483/2274/482/2273/1824/9172/7431/2026/9124/1298/1462/288/4001/3688/272/3676/4635/1293/830/1832/91010/1465/3728/4608/3691/481/2201/2023/3655/4000",38
"hsa00330","Metabolism","Amino acid metabolism","hsa00330","Arginine and proline metabolism","12/1445","27/4608",0.105498743175556,0.53085289042668,0.481421244759419,"55748/4942/5832/2593/26/1152/2806/51056/383/6723/217/79814",12
"hsa04918","Organismal Systems","Endocrine system","hsa04918","Thyroid hormone synthesis","16/1445","38/4608",0.105892561824521,0.53085289042668,0.481421244759419,"115/821/9586/468/5578/483/2882/482/3709/432/7184/9601/433/2878/2876/481",16
"hsa00500","Metabolism","Carbohydrate metabolism","hsa00500","Starch and sucrose metabolism","9/1445","19/4608",0.106170578085336,0.53085289042668,0.481421244759419,"2548/5836/3099/2992/8972/5834/3098/92579/3101",9
"hsa05152","Human Diseases","Infectious disease: bacterial","hsa05152","Tuberculosis","47/1445","128/4608",0.110464983889194,0.538545478107716,0.488397518607808,"637/26253/3588/3460/3689/6850/6714/5530/3553/808/3606/3687/3109/3108/5534/3122/3112/3115/3113/3123/3117/3119/23545/3654/2207/8767/7096/3329/9902/9114/533/820/4261/1520/64127/1432/2209/7097/3127/7132/972/929/6772/2213/2212/2215/1378",47
"hsa00564","Metabolism","Lipid metabolism","hsa00564","Glycerophospholipid metabolism","23/1445","58/4608",0.111023221640668,0.538545478107716,0.488397518607808,"56894/8760/9791/122618/9663/1608/10423/56985/56994/10554/23761/1606/253558/1609/10555/8605/9489/129642/23171/151056/150763/128966744/2820",23
"hsa00511","Metabolism","Glycan biosynthesis and metabolism","hsa00511","Other glycan degradation","7/1445","14/4608",0.113873256128977,0.544247180028198,0.493568292819095,"175/4758/4125/64772/2517/2720/3074",7
"hsa05134","Human Diseases","Infectious disease: bacterial","hsa05134","Legionellosis","19/1445","47/4608",0.118497024345841,0.558138158150702,0.506165779051649,"23786/3689/3553/3606/7415/3305/3303/3304/4671/4791/2919/3329/3310/56681/7097/834/929/1378/7100",19
"hsa00350","Metabolism","Amino acid metabolism","hsa00350","Tyrosine metabolism","6/1445","12/4608",0.140264927416791,0.63909929112278,0.579588021099201,"8639/314/2184/2806/81889/221",6
"hsa01230","Metabolism","Global and overview maps","hsa01230","Biosynthesis of amino acids","19/1445","48/4608",0.140920608253704,0.63909929112278,0.579588021099201,"586/5223/6472/6888/5832/230/3418/2026/7167/2806/5214/5315/26227/2597/8277/1431/22934/383/2023",19
"hsa05146","Human Diseases","Infectious disease: parasitic","hsa05146","Amoebiasis","20/1445","51/4608",0.143929472452937,0.63909929112278,0.579588021099201,"3911/3689/5578/3553/5272/5269/1511/3915/87/5747/2919/909/911/5052/383/7097/7850/929/5293/912",20
"hsa04727","Organismal Systems","Nervous system","hsa04727","GABAergic synapse","14/1445","34/4608",0.146469814648566,0.63909929112278,0.579588021099201,"115/2788/6714/2771/2791/5578/11345/92745/18/54331/66008/6539/5334/2773",14
"hsa00051","Metabolism","Carbohydrate metabolism","hsa00051","Fructose and mannose metabolism","10/1445","23/4608",0.151416090972573,0.63909929112278,0.579588021099201,"55556/3099/2203/230/7167/5209/5214/3098/5373/3101",10
"hsa04973","Organismal Systems","Digestive system","hsa04973","Carbohydrate digestion and absorption","10/1445","23/4608",0.151416090972573,0.63909929112278,0.579588021099201,"6518/3099/483/482/8972/3098/92579/3101/481/5293",10
"hsa04970","Organismal Systems","Digestive system","hsa04970","Salivary secretion","15/1445","37/4608",0.151417370512166,0.63909929112278,0.579588021099201,"1471/115/4069/5578/483/808/482/952/683/3709/6558/820/3783/481/493",15
"hsa05110","Human Diseases","Infectious disease: bacterial","hsa05110","Vibrio cholerae infection","15/1445","37/4608",0.151417370512166,0.63909929112278,0.579588021099201,"71/115/23480/5578/5335/10945/11014/23545/10952/155066/9114/533/6558/526/9601",15
"hsa00531","Metabolism","Glycan biosynthesis and metabolism","hsa00531","Glycosaminoglycan degradation","7/1445","15/4608",0.157976909685512,0.647151226591622,0.5868901812005,"2990/10855/3425/2799/6448/2720/3074",7
"hsa00770","Metabolism","Metabolism of cofactors and vitamins","hsa00770","Pantothenate and CoA biosynthesis","7/1445","15/4608",0.157976909685512,0.647151226591622,0.5868901812005,"51733/586/1806/8876/8875/60490/217",7
"hsa04979","Organismal Systems","Digestive system","hsa04979","Cholesterol metabolism","11/1445","26/4608",0.159615411359316,0.647151226591622,0.5868901812005,"706/26119/10577/19/3988/4864/4035/4043/1593/7416/6272",11
"hsa05020","Human Diseases","Neurodegenerative disease","hsa05020","Prion disease","61/1445","174/4608",0.161289998012066,0.647151226591622,0.5868901812005,"4689/4731/1329/81027/84617/9586/29796/5530/5690/468/6352/3553/10105/1537/3800/3915/1351/4712/4851/5534/3709/3305/3303/3304/5682/54539/203068/5701/7280/1536/292/1337/10376/4722/4718/2932/4723/653361/3310/4725/1535/9377/5719/1340/1432/55967/7277/9451/1958/5580/6261/5715/7416/7846/5686/712/713/7384/4688/5293/7388",61
"hsa05133","Human Diseases","Infectious disease: bacterial","hsa05133","Pertussis","19/1445","49/4608",0.165578682628174,0.656256973831177,0.595148024850946,"3689/2771/3678/3553/808/3661/710/3654/6374/3688/3394/1432/3659/834/929/712/713/722/2773",19
"hsa05204","Human Diseases","Cancer: overview","hsa05204","Chemical carcinogenesis - DNA adducts","8/1445","18/4608",0.171408828585956,0.671179148077539,0.60868068489623,"4259/4258/2950/6817/2948/2944/2947/2946",8
"hsa02010","Environmental Information Processing","Membrane transport","hsa02010","ABC transporters","9/1445","21/4608",0.181859525376168,0.703623163657795,0.638103597811117,"9619/10347/23461/19/6890/5243/6891/20/10057",9
"hsa04972","Organismal Systems","Digestive system","hsa04972","Pancreatic secretion","16/1445","41/4608",0.184609921944173,0.705861466257134,0.640133475472056,"5874/115/760/8766/5578/483/482/952/683/1359/3709/6558/488/4218/481/493",16
"hsa05131","Human Diseases","Infectious disease: bacterial","hsa05131","Shigellosis","63/1445","182/4608",0.187584842745914,0.708896208051419,0.642885629973757,"71/2308/7307/102724594/9252/103910/10398/8945/6714/5581/3678/8678/4303/3099/6352/3553/55062/5335/27128/81858/3606/257397/3709/4671/3661/87/11335/10616/3611/5747/2932/826/8767/3098/7311/837/3688/10093/10095/7314/1432/960/92610/831/58528/26100/7316/5217/5829/834/5580/7132/929/3101/6500/10092/7416/10097/10318/824/5293/54874/7100",63
"hsa04540","Cellular Processes","Cellular community - eukaryotes","hsa04540","Gap junction","19/1445","50/4608",0.192363232180959,0.718598281135768,0.651684271151466,"5155/115/81027/84617/6714/2771/80310/5578/3709/203068/7280/10376/2885/5605/7277/56034/1453/7846/2773",19
"hsa00270","Metabolism","Amino acid metabolism","hsa00270","Cysteine and methionine metabolism","13/1445","33/4608",0.206700284254091,0.763381731620223,0.692297602764899,"3939/586/7263/191/4190/2806/84245/3945/26227/4191/2729/6723/1786",13
"hsa04330","Environmental Information Processing","Signal transduction","hsa04330","Notch signaling pathway","17/1445","45/4608",0.218001224599847,0.781624389107297,0.708841551255201,"182/83464/28514/4851/7090/3516/3955/8650/5663/23462/1488/1840/151636/7089/4853/51107/23385",17
"hsa04510","Cellular Processes","Cellular community - eukaryotes","hsa04510","Focal adhesion","42/1445","120/4608",0.218824657847114,0.781624389107297,0.708841551255201,"71/5155/1291/29780/3911/103910/10398/7791/6714/2002/3695/3678/3480/80310/5578/5058/3915/87/64098/394/2885/6696/5062/3611/5747/7450/2932/1298/3688/2889/2317/5501/3676/1293/56034/5829/3691/1499/824/5293/4660/3655",42
"hsa04960","Organismal Systems","Excretory system","hsa04960","Aldosterone-regulated sodium reabsorption","8/1445","19/4608",0.218854828950043,0.781624389107297,0.708841551255201,"4306/5578/23327/483/482/6446/481/5293",8
"hsa04611","Organismal Systems","Immune system","hsa04611","Platelet activation","30/1445","84/4608",0.224891646605315,0.794454186377472,0.720476671046776,"71/4067/115/5023/6850/103910/6714/2771/5739/51206/146850/3709/695/6915/7450/2207/2815/3688/5501/5294/2811/64805/1432/8605/6916/83706/5590/5293/2212/2773",30
"hsa04710","Organismal Systems","Environmental adaptation","hsa04710","Circadian rhythm","11/1445","28/4608",0.237413985085816,0.829672528525701,0.752415572428166,"8945/6095/8553/5564/5562/1453/9975/6500/6097/8864/8863",11
"hsa04975","Organismal Systems","Digestive system","hsa04975","Fat digestion and absorption","5/1445","11/4608",0.240925050568601,0.832985547178673,0.755420091368514,"19/10554/2806/10555/84649",5
"hsa03320","Organismal Systems","Endocrine system","hsa03320","PPAR signaling pathway","15/1445","40/4608",0.248024292731099,0.848504159343234,0.769493650578479,"5106/79966/11001/2171/4199/123/51703/3611/1593/23205/729359/2180/7316/51/10873",15
"hsa00790","Metabolism","Metabolism of cofactors and vitamins","hsa00790","Folate biosynthesis","6/1445","14/4608",0.254673940242056,0.862177401861126,0.78189367618175,"8644/2643/8836/1719/5860/249",6
"hsa01040","Metabolism","Lipid metabolism","hsa01040","Biosynthesis of unsaturated fatty acids","7/1445","17/4608",0.2639582242892,0.884396112309174,0.802043437883623,"79966/3992/122970/3295/51144/51/11332",7
"hsa00340","Metabolism","Amino acid metabolism","hsa00340","Histidine metabolism","5/1445","12/4608",0.312825138534178,0.999999421902184,0.906882066826272,"55748/144193/26/221/217",5
"hsa04360","Organismal Systems","Development and regeneration","hsa04360","Axon guidance","32/1445","94/4608",0.321057995804069,0.999999421902184,0.906882066826272,"1808/103910/10398/2041/6714/2771/23654/5530/5578/5335/10154/5058/3985/5534/7976/2242/1942/84628/5062/3611/5747/2932/3688/3983/5727/2048/659/64221/5590/22885/5293/2773",32
"hsa05410","Human Diseases","Cardiovascular disease","hsa05410","Hypertrophic cardiomyopathy","16/1445","45/4608",0.321480213257717,0.999999421902184,0.906882066826272,"71/93589/3695/3678/8910/59283/5564/3688/488/3676/5562/3691/55799/9254/3655/4000",16
"hsa00062","Metabolism","Lipid metabolism","hsa00062","Fatty acid elongation","7/1445","18/4608",0.322853294282173,0.999999421902184,0.906882066826272,"10449/1892/122970/5538/117145/51144/11332",7
"hsa05143","Human Diseases","Infectious disease: parasitic","hsa05143","African trypanosomiasis","7/1445","18/4608",0.322853294282173,0.999999421902184,0.906882066826272,"5578/3553/3043/8542/3606/3620/2150",7
"hsa00630","Metabolism","Carbohydrate metabolism","hsa00630","Glyoxylate and dicarboxylate metabolism","8/1445","21/4608",0.324973175614506,0.999999421902184,0.906882066826272,"9380/847/6472/55902/4190/4191/1431/5096",8
"hsa00600","Metabolism","Lipid metabolism","hsa00600","Sphingolipid metabolism","12/1445","33/4608",0.325738172792574,0.999999421902184,0.906882066826272,"64781/2581/410/55512/4758/5660/55331/9517/2717/2760/2720/3074",12
"hsa01523","Human Diseases","Drug resistance: antineoplastic","hsa01523","Antifolate resistance","9/1445","24/4608",0.326048863643669,0.999999421902184,0.906882066826272,"6472/3553/8836/239/1719/2352/2350/10057/4524",9
"hsa04961","Organismal Systems","Excretory system","hsa04961","Endocrine and other factor-regulated calcium reabsorption","10/1445","27/4608",0.326408218009592,0.999999421902184,0.906882066826272,"115/8766/5578/483/482/1211/1175/1212/481/493",10
"hsa04062","Organismal Systems","Immune system","hsa04062","Chemokine signaling pathway","39/1445","116/4608",0.32994555732308,0.999999421902184,0.906882066826272,"4067/115/7074/2788/6714/2771/2833/1236/6348/6351/2791/3055/6352/5335/5058/146850/2885/3627/5747/2932/5197/2919/5473/6374/54331/653361/10663/1230/1232/5294/2268/5829/5580/1524/6773/5590/6772/5293/2773",39
"hsa04141","Genetic Information Processing","Folding, sorting and degradation","hsa04141","Protein processing in endoplasmic reticulum","46/1445","138/4608",0.336012015602393,0.999999421902184,0.906882066826272,"7327/29979/6745/821/22872/23480/6748/468/3703/267/7415/6184/3305/3303/3304/746/54788/7494/80700/6048/6746/1650/811/10952/3310/51726/7326/7184/64374/9601/56681/22926/10961/3300/578/9451/3326/10956/27248/10130/55666/6500/26232/26270/824/57134",46
"hsa05221","Human Diseases","Cancer: specific types","hsa05221","Acute myeloid leukemia","20/1445","58/4608",0.348949562979811,0.999999421902184,0.906882066826272,"2322/5371/890/51176/2885/6776/7704/1053/5605/4609/1436/2209/1050/929/3728/6688/6932/1848/5293/8864",20
"hsa05417","Human Diseases","Cardiovascular disease","hsa05417","Lipid and atherosclerosis","49/1445","148/4608",0.350080074227457,0.999999421902184,0.906882066826272,"4689/9619/637/4067/6714/4318/3665/5530/6348/468/5578/6352/8743/3553/5335/808/19/3606/5534/3305/3303/3304/958/7494/3661/6403/8795/959/1536/3654/5747/2932/2919/3329/653361/3310/7184/1535/6648/22926/1432/9451/3326/7097/834/7132/929/4688/5293",49
"hsa04010","Environmental Information Processing","Signal transduction","hsa04010","MAPK signaling pathway","60/1445","183/4608",0.362498424489245,0.999999421902184,0.906882066826272,"1850/93589/8911/2322/5155/9252/22800/2002/5530/3480/80310/468/5578/7039/1847/3553/5058/5534/3305/3303/3304/2323/6197/1942/2885/11184/5062/4791/3654/3925/59283/3310/8569/5605/4609/51295/1436/4296/4149/1432/8605/4216/5971/56034/2768/6196/7132/1845/929/115727/25780/55799/1848/4208/9448/7048/9254/7867/1844/777",60
"hsa04666","Organismal Systems","Immune system","hsa04666","Fc gamma R-mediated phagocytosis","24/1445","71/4608",0.369882219363676,0.999999421902184,0.906882066826272,"4067/6850/8853/5581/4082/5578/3055/5335/5058/3985/2934/653361/10093/10095/8605/2209/5580/10092/2213/10097/274/5293/2212/2215",24
"hsa03030","Genetic Information Processing","Replication and repair","hsa03030","DNA replication","12/1445","34/4608",0.3703303690117,0.999999421902184,0.906882066826272,"4174/5111/10714/6117/2237/5982/57804/4173/6118/5984/4172/4176",12
"hsa00640","Metabolism","Carbohydrate metabolism","hsa00640","Propanoate metabolism","9/1445","25/4608",0.378545503543131,0.999999421902184,0.906882066826272,"3939/8802/1892/55902/18/3945/4329/5096/51",9
"hsa04930","Human Diseases","Endocrine and metabolic disease","hsa04930","Type II diabetes mellitus","9/1445","25/4608",0.378545503543131,0.999999421902184,0.906882066826272,"5581/3099/3098/5315/5580/3101/5590/5293/777",9
"hsa05217","Human Diseases","Cancer: specific types","hsa05217","Basal cell carcinoma","9/1445","25/4608",0.378545503543131,0.999999421902184,0.906882066826272,"7976/8321/51176/2932/1026/5727/578/6932/1499",9
"hsa04922","Organismal Systems","Endocrine system","hsa04922","Glucagon signaling pathway","21/1445","62/4608",0.379623299239022,0.999999421902184,0.906882066826272,"5106/2308/3939/9586/5223/5836/5530/468/808/5534/3709/23411/2203/5834/5214/3945/5315/5564/92579/5562/6513",21
"hsa05162","Human Diseases","Infectious disease: viral","hsa05162","Measles","35/1445","106/4608",0.390366196784493,0.999999421902184,0.906882066826272,"10379/4599/4600/637/3665/51284/57506/3553/3560/3305/3303/3304/3661/4478/3654/2932/6776/3310/4938/5610/4940/4939/916/578/9451/7097/915/27102/6773/6504/940/6772/2213/5293/103",35
"hsa04915","Organismal Systems","Endocrine system","hsa04915","Estrogen signaling pathway","25/1445","75/4608",0.397366361956083,0.999999421902184,0.906882066826272,"115/9586/6714/4318/2771/10499/468/25984/7039/808/3709/3305/3303/3304/2885/3858/3310/6667/5605/7184/3326/8648/5580/5293/2773",25
"hsa04217","Cellular Processes","Cell growth and death","hsa04217","Necroptosis","32/1445","97/4608",0.400660735327703,0.999999421902184,0.906882066826272,"10379/637/3460/5836/9131/8743/3553/2512/81858/2746/5834/10616/5478/8795/91782/1536/292/246/6776/142/5610/8605/3326/834/6773/7132/192111/2495/6772/7416/824/6775",32
"hsa05130","Human Diseases","Infectious disease: bacterial","hsa05130","Pathogenic Escherichia coli infection","44/1445","135/4608",0.409075774130258,0.999999421902184,0.906882066826272,"71/23191/81027/84617/6714/10972/7009/9080/7122/8743/3553/6188/27128/3606/5058/3071/257397/4671/203068/7280/8795/10376/5777/5062/3654/837/4691/2597/3688/10093/10095/1432/7277/578/834/2768/7132/4542/26999/10092/7846/10097/2212/7100",44
"hsa05166","Human Diseases","Infectious disease: viral","hsa05166","Human T-cell leukemia virus 1 infection","57/1445","176/4608",0.410663717861964,0.999999421902184,0.906882066826272,"706/115/3689/115650/821/8881/9586/2002/5530/468/1031/9519/3560/119504/890/51433/4049/3109/3108/5534/3133/3122/958/3135/3112/3115/3113/3123/3117/3107/292/3119/920/811/4791/1030/25847/1871/6776/1026/5605/9232/4609/916/8295/5971/1958/7850/915/3127/7132/6688/7416/7048/3932/6513/5293",57
"hsa04022","Environmental Information Processing","Signal transduction","hsa04022","cGMP-PKG signaling pathway","28/1445","85/4608",0.415707923069898,0.999999421902184,0.906882066826272,"115/9586/10398/2771/5581/5530/468/483/808/482/10105/146850/5534/3709/292/5605/4205/2969/5501/5294/488/2768/7416/140/481/4208/493/2773",28
"hsa00562","Metabolism","Carbohydrate metabolism","hsa00562","Inositol phosphate metabolism","19/1445","57/4608",0.422136555629707,0.999999421902184,0.906882066826272,"3613/9562/9651/3632/9107/5335/10423/8871/7167/253430/4329/64419/5294/3707/3628/5287/3631/5293/3633",19
"hsa04146","Cellular Processes","Transport and catabolism","hsa04146","Peroxisome","19/1445","57/4608",0.422136555629707,0.999999421902184,0.906882066826272,"10901/11001/1891/847/25824/5190/51703/1384/3418/2053/5052/6648/8540/2180/3295/55711/4598/8799/51",19
"hsa05415","Human Diseases","Cardiovascular disease","hsa05415","Diabetic cardiomyopathy","40/1445","123/4608",0.423039491749756,0.999999421902184,0.906882066826272,"4689/4731/1329/4318/29796/5578/10105/1537/1351/4712/54539/1536/292/1337/4722/4718/2932/4723/653361/6667/2597/5164/4725/1535/9377/142/5501/1340/1432/55967/488/5580/5590/7416/7384/7048/6513/4688/5293/7388",40
"hsa05167","Human Diseases","Infectious disease: viral","hsa05167","Kaposi sarcoma-associated herpesvirus infection","46/1445","142/4608",0.425170565723543,0.999999421902184,0.906882066826272,"10379/5155/637/4067/2788/6850/6714/3665/5530/8678/2791/3055/5335/808/146850/5534/3709/3133/3661/3135/51176/3107/100507436/2932/2919/1871/7311/54331/1026/5605/1230/1232/4609/5610/5294/7314/1432/578/7316/942/6773/7132/6772/6932/1499/5293",46
"hsa04750","Organismal Systems","Sensory system","hsa04750","Inflammatory mediator regulation of TRP channels","17/1445","51/4608",0.431790623188791,0.999999421902184,0.906882066826272,"115/5732/6714/5581/5578/3553/5335/808/3709/5029/239/5501/1432/8605/5580/2150/5293",17
"hsa04620","Organismal Systems","Immune system","hsa04620","Toll-like receptor signaling pathway","24/1445","73/4608",0.432693047907731,0.999999421902184,0.906882066826272,"10379/3665/51284/6348/6351/6352/3553/958/3661/3627/6696/3654/7096/5605/3663/1513/1432/942/7097/6773/929/6772/5293/7100",24
"hsa05100","Human Diseases","Infectious disease: bacterial","hsa05100","Bacterial invasion of epithelial cells","16/1445","48/4608",0.436972550034608,0.999999421902184,0.906882066826272,"71/6714/3678/3611/5747/3688/1211/10093/10095/23607/5829/1212/10092/1499/10097/5293",16
"hsa05200","Human Diseases","Cancer: overview","hsa05200","Pathways in cancer","101/1445","317/4608",0.442846899371309,0.999999421902184,0.906882066826272,"4040/3563/1438/2308/10928/2322/182/5155/10161/637/3911/115/5371/10587/1612/5732/3460/9252/2788/4318/2771/2002/23401/3480/2034/2791/5578/26060/28514/7039/5335/808/3560/890/5900/3915/8031/4259/4851/2323/7976/54583/8321/51176/9817/4258/2885/332/4791/5747/2932/1030/8030/1871/6776/54331/23604/4437/2950/6667/7704/1026/5605/3688/23462/4609/7184/5727/11186/3566/1436/4149/1488/578/3326/8648/2271/1050/2768/6773/1163/115727/4853/25780/3728/6500/6688/6772/6932/7048/1499/6513/5293/2956/2948/2944/2947/6775/3655/2773/2946",101
"hsa00380","Metabolism","Amino acid metabolism","hsa00380","Tryptophan metabolism","7/1445","20/4608",0.444400421988641,0.999999421902184,0.906882066826272,"847/1892/26/3620/55526/8564/217",7
"hsa00565","Metabolism","Lipid metabolism","hsa00565","Ether lipid metabolism","7/1445","20/4608",0.444400421988641,0.999999421902184,0.906882066826272,"122618/56994/7941/8540/8605/255043/151056",7
"hsa00520","Metabolism","Carbohydrate metabolism","hsa00520","Amino sugar and nucleotide sugar metabolism","13/1445","39/4608",0.454353628668154,0.999999421902184,0.906882066826272,"5973/91373/3099/1727/55907/3098/5373/2584/80896/3101/55577/6675/3074",13
"hsa05012","Human Diseases","Neurodegenerative disease","hsa05012","Parkinson disease","56/1445","175/4608",0.455079897339019,0.999999421902184,0.906882066826272,"4731/7327/1329/81027/84617/29796/2771/5690/468/5335/808/10105/1537/3800/1351/4712/3709/7494/5682/54539/203068/5701/7280/292/1337/10376/4722/29985/9817/9246/4718/9927/6622/7311/4723/7326/4725/120892/9377/7295/7314/5719/1340/22926/55967/7277/7316/9451/5715/7416/7846/5686/7384/11315/7388/2773",56
"hsa04621","Organismal Systems","Immune system","hsa04621","NOD-like receptor signaling pathway","44/1445","137/4608",0.455600674231002,0.999999421902184,0.906882066826272,"10379/3665/1669/57506/6352/3553/11345/81858/3606/257397/3709/4671/3661/10616/63940/1536/2919/9927/8767/837/838/820/1535/4938/4940/4939/7295/2635/64127/2634/115361/1432/91662/24145/3326/834/5580/6773/84674/115362/6772/7416/3428/9447",44
"hsa04066","Environmental Information Processing","Signal transduction","hsa04066","HIF-1 signaling pathway","25/1445","77/4608",0.459208312197336,0.999999421902184,0.906882066826272,"3939/3460/7076/3480/5578/3099/5335/54583/230/1536/6194/2026/5209/5214/3945/3098/2597/1026/8569/5605/9470/3101/6513/5293/2023",25
"hsa04971","Organismal Systems","Digestive system","hsa04971","Gastric acid secretion","12/1445","36/4608",0.460925412638408,0.999999421902184,0.906882066826272,"71/115/760/2771/5578/483/808/482/3709/3759/481/2773",12
"hsa04730","Organismal Systems","Nervous system","hsa04730","Long-term depression","11/1445","33/4608",0.468004070772003,0.999999421902184,0.906882066826272,"4067/2771/3480/5578/3709/5516/5605/8605/2768/6261/2773",11
"hsa05219","Human Diseases","Cancer: specific types","hsa05219","Bladder cancer","11/1445","33/4608",0.468004070772003,0.999999421902184,0.906882066826272,"1612/9252/6714/4318/1890/1871/23604/1026/5605/4609/11186",11
"hsa00604","Metabolism","Glycan biosynthesis and metabolism","hsa00604","Glycosphingolipid biosynthesis - ganglio series","4/1445","11/4608",0.470296809331795,0.999999421902184,0.906882066826272,"30815/8705/2720/3074",4
"hsa04392","Environmental Information Processing","Signal transduction","hsa04392","Hippo signaling pathway - multiple species","4/1445","11/4608",0.470296809331795,0.999999421902184,0.906882066826272,"83937/9770/5058/11186",4
"hsa04925","Organismal Systems","Endocrine system","hsa04925","Aldosterone synthesis and secretion","16/1445","49/4608",0.475882060052243,0.999999421902184,0.906882066826272,"8911/115/9586/5581/468/5578/483/808/482/3709/57118/221955/8536/25865/481/493",16
"hsa03010","Genetic Information Processing","Translation","hsa03010","Ribosome","39/1445","122/4608",0.476233459728656,0.999999421902184,0.906882066826272,"6130/6227/6210/6150/6187/6156/6206/6129/6144/6188/6217/29074/6181/6133/6224/6209/6234/6141/6132/6222/23521/51021/124995/6194/6143/6124/6161/10573/7311/25873/6157/6169/6231/79590/6223/6128/6193/51121/9349",39
"hsa04530","Cellular Processes","Cellular community - eukaryotes","hsa04530","Tight junction","32/1445","100/4608",0.482526753047256,0.999999421902184,0.906882066826272,"71/55114/7074/103910/10398/6714/5111/5581/9080/7122/23327/5516/87/10376/4478/5564/3688/909/911/10093/10095/83700/7277/93643/5521/4218/5562/10092/5590/7846/10097/912",32
"hsa05414","Human Diseases","Cardiovascular disease","hsa05414","Dilated cardiomyopathy","15/1445","46/4608",0.482616454257019,0.999999421902184,0.906882066826272,"71/93589/115/3695/3678/8910/59283/3688/488/3676/3691/55799/9254/3655/4000",15
"hsa04261","Organismal Systems","Circulatory system","hsa04261","Adrenergic signaling in cardiomyocytes","25/1445","78/4608",0.490107940363304,0.999999421902184,0.906882066826272,"93589/115/9252/9586/2771/468/5578/483/808/482/146850/5516/5525/59283/5501/5294/1432/488/4635/5521/55799/481/9254/493/2773",25
"hsa04657","Organismal Systems","Immune system","hsa04657","IL-17 signaling pathway","17/1445","53/4608",0.506954636598072,0.999999421902184,0.906882066826272,"4318/3934/3553/23765/51433/257397/6426/3627/2932/2919/6374/7184/1994/1432/3326/6280/6279",17
"hsa04371","Environmental Information Processing","Signal transduction","hsa04371","Apelin signaling pathway","27/1445","85/4608",0.50888692714224,0.999999421902184,0.906882066826272,"182/115/2788/22800/2771/5581/8678/2791/808/146850/3709/6194/6696/54331/5564/5605/4205/5294/59/4635/9759/1958/5562/6261/10365/4208/2773",27
"hsa04144","Cellular Processes","Transport and catabolism","hsa04144","Endocytosis","61/1445","194/4608",0.51755740157627,0.999999421902184,0.906882066826272,"58533/5371/51160/80230/6714/10015/60682/27131/8853/89853/26119/30845/3480/8766/23327/9829/3560/27128/3800/51324/56904/3305/3303/3304/3133/9230/3135/119016/3107/91782/116984/30844/3310/23096/6643/1211/10093/10095/8724/84440/2352/10193/23550/2350/22905/830/116988/4218/1175/23527/1212/9922/10092/5590/116987/7048/10097/274/11311/26056/51100",61
"hsa00190","Metabolism","Energy metabolism","hsa00190","Oxidative phosphorylation","25/1445","79/4608",0.520749882152613,0.999999421902184,0.906882066826272,"4731/1329/27068/29796/64077/1537/1351/4712/54539/1337/4722/23545/4718/10063/155066/4723/9114/533/4725/9377/526/1340/55967/7384/7388",25
"hsa00230","Metabolism","Nucleotide metabolism","hsa00230","Purine metabolism","24/1445","76/4608",0.527025282198891,0.999999421902184,0.906882066826272,"5152/115/4860/9061/22875/26289/8833/132/56953/9060/56985/5148/318/4830/50484/6240/6241/50808/1716/272/3615/2272/2987/84284",24
"hsa04136","Cellular Processes","Transport and catabolism","hsa04136","Autophagy - other","9/1445","28/4608",0.535422675045056,0.999999421902184,0.906882066826272,"8678/55062/9706/11345/5516/23192/83734/285973/26100",9
"hsa04350","Environmental Information Processing","Signal transduction","hsa04350","TGF-beta signaling pathway","18/1445","57/4608",0.535848414243688,0.999999421902184,0.906882066826272,"654/7027/1875/4092/3399/5516/1874/375387/1030/6667/4609/2014/659/9241/9611/6500/285704/7048",18
"hsa05207","Human Diseases","Cancer: overview","hsa05207","Chemical carcinogenesis - receptor activation","32/1445","102/4608",0.5366406513532,0.999999421902184,0.906882066826272,"182/115/9586/9314/85315/6714/2771/468/5578/28514/4259/6197/3838/4258/2885/332/2053/6776/9049/5605/4609/7184/3326/3836/6196/4853/5293/2948/2944/2947/2773/2946",32
"hsa04713","Organismal Systems","Environmental adaptation","hsa04713","Circadian entrainment","13/1445","41/4608",0.539749660433766,0.999999421902184,0.906882066826272,"8911/115/9252/2788/2771/2791/5578/808/54331/6261/8864/8863/2773",13
"hsa04070","Environmental Information Processing","Signal transduction","hsa04070","Phosphatidylinositol signaling system","21/1445","67/4608",0.547479886236638,0.999999421902184,0.906882066826272,"3613/8760/3632/9107/5578/5335/808/1608/10423/3709/8871/1606/253430/1609/64419/3707/3628/5287/3631/5293/3633",21
"hsa00534","Metabolism","Glycan biosynthesis and metabolism","hsa00534","Glycosaminoglycan biosynthesis - heparan sulfate / heparin","4/1445","12/4608",0.549032644730603,0.999999421902184,0.906882066826272,"64131/2135/64132/126792",4
"hsa05224","Human Diseases","Cancer: specific types","hsa05224","Breast cancer","24/1445","77/4608",0.557734853520351,0.999999421902184,0.906882066826272,"4040/182/23401/3480/28514/4851/7976/8321/51176/2885/4791/2932/1871/6667/1026/5605/23462/4609/578/8648/4853/6932/1499/5293",24
"hsa04213","Organismal Systems","Aging","hsa04213","Longevity regulating pathway - multiple species","13/1445","42/4608",0.580784761232318,0.999999421902184,0.906882066826272,"2308/115/847/3480/3305/3303/3304/23411/3310/5564/6648/5562/5293",13
"hsa04370","Environmental Information Processing","Signal transduction","hsa04370","VEGF signaling pathway","13/1445","42/4608",0.580784761232318,0.999999421902184,0.906882066826272,"6714/5530/5578/5335/5534/5747/5605/1432/9047/8605/5829/7867/5293",13
"hsa01250","Metabolism","Global and overview maps","hsa01250","Biosynthesis of nucleotide sugars","9/1445","29/4608",0.584716165598699,0.999999421902184,0.906882066826272,"91373/3099/55907/3098/5373/2584/3101/55577/6675",9
"hsa05216","Human Diseases","Cancer: specific types","hsa05216","Thyroid cancer","9/1445","29/4608",0.584716165598699,0.999999421902184,0.906882066826272,"8031/51176/8030/1026/5605/4609/578/6932/1499",9
"hsa05208","Human Diseases","Cancer: overview","hsa05208","Chemical carcinogenesis - reactive oxygen species","44/1445","143/4608",0.593139624643376,0.999999421902184,0.906882066826272,"4731/8644/1329/847/6714/29796/10105/1537/1351/4259/4712/54539/292/1337/4722/9817/4258/2885/25865/4718/5747/2053/4723/653361/5605/4725/1535/9377/6648/1340/1432/55967/5580/5795/7416/7384/52/4688/5293/2948/2944/2947/7388/2946",44
"hsa04966","Organismal Systems","Excretory system","hsa04966","Collecting duct acid secretion","5/1445","16/4608",0.597019158174819,0.999999421902184,0.906882066826272,"760/23545/155066/9114/526",5
"hsa05215","Human Diseases","Cancer: specific types","hsa05215","Prostate cancer","22/1445","72/4608",0.603076571235526,0.999999421902184,0.906882066826272,"2308/5155/9586/4318/3480/80310/468/7039/51176/2885/2932/1871/2950/1026/5605/7184/56034/3326/7850/6932/1499/5293",22
"hsa04151","Environmental Information Processing","Signal transduction","hsa04151","PI3K-Akt signaling pathway","59/1445","192/4608",0.60369329794898,0.999999421902184,0.906882066826272,"3563/5106/2322/23239/5155/10161/1291/3911/2788/9586/6850/8115/3695/3678/3480/80310/468/2791/5578/930/7039/3560/146850/3915/5516/7532/2323/5525/1942/6194/2885/6696/5747/7450/2932/1298/54331/1026/5605/3688/4609/7184/3566/5294/1436/3676/6446/92579/1293/56034/3326/5521/117145/7097/5562/9470/3691/5293/3655",59
"hsa04721","Organismal Systems","Nervous system","hsa04721","Synaptic vesicle cycle","11/1445","36/4608",0.603805473108369,0.999999421902184,0.906882066826272,"23545/155066/9114/533/1211/526/8775/1175/6539/1212/6512",11
"hsa05230","Human Diseases","Cancer: overview","hsa05230","Central carbon metabolism in cancer","14/1445","46/4608",0.609044470176414,0.999999421902184,0.906882066826272,"2322/3939/5223/3099/3418/5214/3945/3098/5315/5605/4609/3101/6513/5293",14
"hsa00670","Metabolism","Metabolism of cofactors and vitamins","hsa00670","One carbon pool by folate","4/1445","13/4608",0.621098661755041,0.999999421902184,0.906882066826272,"6472/10588/1719/4524",4
"hsa04810","Cellular Processes","Cell motility","hsa04810","Regulation of actin cytoskeleton","42/1445","138/4608",0.625772698918025,0.999999421902184,0.906882066826272,"71/5155/28984/23191/8874/3689/7074/103910/10398/6714/22800/3695/3678/80310/3687/5058/3985/3071/87/9459/4478/5062/5747/2934/5605/3688/10093/10095/5501/3676/56034/5217/5829/2768/10788/26999/3691/10092/10097/5293/4660/3655",42
"hsa04020","Environmental Information Processing","Signal transduction","hsa04020","Calcium signaling pathway","30/1445","99/4608",0.627948790033436,0.999999421902184,0.906882066826272,"8911/5155/10800/115/5023/5724/5530/80310/93129/5578/255231/7039/5335/808/952/10105/5534/3709/57118/292/8536/6915/488/5026/56034/3707/6261/7416/493/777",30
"hsa05205","Human Diseases","Cancer: overview","hsa05205","Proteoglycans in cancer","37/1445","122/4608",0.631957810971962,0.999999421902184,0.906882066826272,"71/7074/6714/22800/4318/2002/3678/3480/5578/5329/5335/1514/5058/3709/7976/8321/10855/1655/4478/6194/5777/2885/5747/288/1026/5605/3688/4609/5727/5501/1432/960/7097/5829/1499/5293/4660",37
"hsa04913","Organismal Systems","Endocrine system","hsa04913","Ovarian steroidogenesis","6/1445","20/4608",0.634786873122946,0.999999421902184,0.906882066826272,"8644/115/654/3480/122970/8605",6
"hsa05206","Human Diseases","Cancer: overview","hsa05206","MicroRNAs in cancer","35/1445","116/4608",0.644184491236121,0.999999421902184,0.906882066826272,"6541/5155/9252/4318/5581/3678/4082/5578/5335/4851/9493/23411/6624/7976/5243/1942/7431/2885/3925/1871/1026/5605/4609/11186/960/578/1786/9759/659/113130/9839/4194/4853/5293/85414",35
"hsa04625","Organismal Systems","Immune system","hsa04625","C-type lectin receptor signaling pathway","23/1445","77/4608",0.653505300000918,0.999999421902184,0.906882066826272,"10379/26253/338339/6850/6714/22800/5530/3553/808/5058/5534/3709/4791/2207/1432/5971/51266/3659/834/5580/6773/6772/5293",23
"hsa04152","Environmental Information Processing","Signal transduction","hsa04152","AMPK signaling pathway","26/1445","87/4608",0.656784391473292,0.999999421902184,0.906882066826272,"81617/5106/2308/79966/9586/29904/3480/890/10645/5516/23411/9230/2203/5525/5209/5214/5564/1938/1994/55437/92579/5521/4218/5562/51094/5293",26
"hsa03420","Genetic Information Processing","Replication and repair","hsa03420","Nucleotide excision repair","16/1445","54/4608",0.658163485730638,0.999999421902184,0.906882066826272,"5111/10714/6117/2966/728340/57654/5982/5436/57804/1642/404672/6118/5984/5439/548644/2071",16
"hsa04623","Organismal Systems","Immune system","hsa04623","Cytosolic DNA-sensing pathway","16/1445","54/4608",0.658163485730638,0.999999421902184,0.906882066826272,"51082/3665/57506/6351/6352/3553/3606/3661/29800/3627/51728/1777/834/3428/9447/103",16
"hsa04390","Environmental Information Processing","Signal transduction","hsa04390","Hippo signaling pathway","22/1445","74/4608",0.661955646997828,0.999999421902184,0.906882066826272,"71/654/3689/8945/4092/5516/7532/7976/8321/51176/332/2932/4609/5501/11186/5521/659/1453/5590/6932/7048/1499",22
"hsa05010","Human Diseases","Neurodegenerative disease","hsa05010","Alzheimer disease","73/1445","241/4608",0.667078224495258,0.999999421902184,0.906882066826272,"4040/4731/25825/83464/637/1329/81027/84617/29796/23401/5530/102/8678/5690/468/3553/55062/9706/808/10105/1537/3800/1351/4712/4035/5534/3709/7494/7976/5682/8321/54539/203068/5701/7280/1536/292/1337/10376/4722/29985/4718/2932/6622/4723/4311/2597/5605/5663/4725/9377/5610/5719/1340/22926/55967/488/7277/26100/9451/7132/8851/5715/7416/7846/5686/7384/1499/824/51107/5293/23385/7388",73
"hsa03050","Genetic Information Processing","Folding, sorting and degradation","hsa03050","Proteasome","12/1445","41/4608",0.670529357116942,0.999999421902184,0.906882066826272,"5720/5721/5690/5682/5698/5701/5696/5699/5719/23198/5715/5686",12
"hsa05160","Human Diseases","Infectious disease: viral","hsa05160","Hepatitis C","34/1445","114/4608",0.673569965506946,0.999999421902184,0.906882066826272,"10379/4599/4600/637/3665/9080/57506/7122/3434/5516/7532/3661/2885/3627/2932/1871/1026/5605/4609/4938/5610/4940/4939/91543/578/9451/5521/27102/6773/975/7132/6772/1499/5293",34
"hsa00513","Metabolism","Glycan biosynthesis and metabolism","hsa00513","Various types of N-glycan biosynthesis","9/1445","31/4608",0.675169524849174,0.999999421902184,0.906882066826272,"11282/3703/6184/746/1650/8703/4245/3074/57134",9
"hsa01524","Human Diseases","Drug resistance: antineoplastic","hsa01524","Platinum drug resistance","17/1445","58/4608",0.679644087120065,0.999999421902184,0.906882066826272,"637/4259/538/1317/4258/332/4437/2950/1026/578/7155/5293/2956/2948/2944/2947/2946",17
"hsa00250","Metabolism","Amino acid metabolism","hsa00250","Alanine, aspartate and glutamate metabolism","4/1445","14/4608",0.685404446957131,0.999999421902184,0.906882066826272,"7915/2746/2806/18",4
"hsa00515","Metabolism","Glycan biosynthesis and metabolism","hsa00515","Mannose type O-glycan biosynthesis","4/1445","14/4608",0.685404446957131,0.999999421902184,0.906882066826272,"148789/10585/8703/27087",4
"hsa04931","Human Diseases","Endocrine and metabolic disease","hsa04931","Insulin resistance","22/1445","75/4608",0.689632744204036,0.999999421902184,0.906882066826272,"5106/2308/11001/9586/79660/5581/5836/5792/5834/6197/2932/57761/5564/5501/92579/5580/6196/7132/5562/5590/6513/5293",22
"hsa03440","Genetic Information Processing","Replication and repair","hsa03440","Homologous recombination","8/1445","28/4608",0.692530668598073,0.999999421902184,0.906882066826272,"29086/10714/6117/641/57804/6118/10111/5889",8
"hsa04976","Organismal Systems","Digestive system","hsa04976","Bile secretion","8/1445","28/4608",0.692530668598073,0.999999421902184,0.906882066826272,"115/760/483/482/6580/5243/481/6513",8
"hsa04216","Cellular Processes","Cell growth and death","hsa04216","Ferroptosis","10/1445","35/4608",0.699274577392188,0.999999421902184,0.906882066826272,"2512/55240/8031/51703/1536/246/2729/2180/2879/2495",10
"hsa04520","Cellular Processes","Cellular community - eukaryotes","hsa04520","Adherens junction","18/1445","62/4608",0.699396607972123,0.999999421902184,0.906882066826272,"71/7525/5797/103910/10398/6714/3480/5792/83605/87/51176/5777/5795/6932/7048/1499/52/117178",18
"hsa04814","Cellular Processes","Cell motility","hsa04814","Motor proteins","27/1445","92/4608",0.69959804176042,0.999999421902184,0.906882066826272,"71/23303/81027/84617/103910/10398/3800/9493/203068/7280/8655/10376/55614/55605/11004/3835/84376/25981/59/4635/7277/23046/830/4542/3796/7846/23095",27
"hsa05163","Human Diseases","Infectious disease: viral","hsa05163","Human cytomegalovirus infection","46/1445","155/4608",0.705244844004971,0.999999421902184,0.906882066826272,"637/115/3588/5732/2788/9586/6714/2771/2002/5530/6348/6351/468/2791/5578/6352/3553/808/5534/3709/3133/3661/3135/6890/6891/3107/2885/811/5747/2932/1871/54331/6667/1026/5605/1230/1232/4609/1432/578/5829/2768/7132/1499/5293/2773",46
"hsa04137","Cellular Processes","Transport and catabolism","hsa04137","Mitophagy - animal","26/1445","89/4608",0.707397393357067,0.999999421902184,0.906882066826272,"25813/23786/665/6714/22800/8678/9958/468/51024/11345/267/7415/221960/51622/9927/10075/7311/55288/6667/11331/285973/7314/7316/9451/192111/345778",26
"hsa05225","Human Diseases","Cancer: specific types","hsa05225","Hepatocellular carcinoma","32/1445","109/4608",0.709266850046493,0.999999421902184,0.906882066826272,"71/4040/10587/2002/23401/3480/5578/7039/5335/4259/6604/7976/8321/51176/9817/4258/2885/2932/1871/2950/1026/5605/4609/578/6932/7048/1499/5293/2948/2944/2947/2946",32
"hsa00020","Metabolism","Carbohydrate metabolism","hsa00020","Citrate cycle (TCA cycle)","7/1445","25/4608",0.712005651340912,0.999999421902184,0.906882066826272,"5106/8802/3418/4190/4191/1431/2271",7
"hsa04919","Organismal Systems","Endocrine system","hsa04919","Thyroid hormone signaling pathway","25/1445","86/4608",0.715425143495247,0.999999421902184,0.906882066826272,"71/2308/6714/10499/5578/483/5335/482/10025/4851/2932/5214/5605/4609/488/8648/4853/9611/5469/6772/481/9969/1499/6513/5293",25
"hsa00450","Metabolism","Metabolism of other amino acids","hsa00450","Selenocompound metabolism","3/1445","11/4608",0.721301410807745,0.999999421902184,0.906882066826272,"10587/9061/9060",3
"hsa00601","Metabolism","Glycan biosynthesis and metabolism","hsa00601","Glycosphingolipid biosynthesis - lacto and neolacto series","3/1445","11/4608",0.721301410807745,0.999999421902184,0.906882066826272,"2651/6484/8703",3
"hsa04936","Human Diseases","Endocrine and metabolic disease","hsa04936","Alcoholic liver disease","27/1445","93/4608",0.723191521284702,0.999999421902184,0.906882066826272,"2308/79966/3553/23765/9663/10645/257397/23411/3661/51176/3654/2932/2919/5564/6434/1432/719/7132/929/5562/51/51094/217/6932/712/713/1499",27
"hsa01240","Metabolism","Global and overview maps","hsa01240","Biosynthesis of cofactors","29/1445","100/4608",0.730589020501613,0.999999421902184,0.906882066826272,"586/154807/6472/2990/2643/212/26289/51109/8836/4830/27235/3620/5373/7389/27010/2729/1719/50808/60490/7390/129607/3145/8564/217/55163/249/1503/51727/9249",29
"hsa04924","Organismal Systems","Endocrine system","hsa04924","Renin secretion","8/1445","29/4608",0.733602860216882,0.999999421902184,0.906882066826272,"5732/2771/5530/808/5534/3709/3759/2773",8
"hsa05142","Human Diseases","Infectious disease: parasitic","hsa05142","Chagas disease","20/1445","70/4608",0.73446234949598,0.999999421902184,0.906882066826272,"3460/2771/6348/6352/3553/5516/811/3654/916/1432/5521/7097/915/7132/712/713/7048/5293/919/2773",20
"hsa04724","Organismal Systems","Nervous system","hsa04724","Glutamatergic synapse","12/1445","43/4608",0.739799053083367,0.999999421902184,0.906882066826272,"115/2788/2771/5530/2791/5578/5534/3709/54331/8605/6512/2773",12
"hsa04064","Environmental Information Processing","Signal transduction","hsa04064","NF-kappa B signaling pathway","22/1445","77/4608",0.74100619205338,0.999999421902184,0.906882066826272,"4067/115650/6850/6351/3553/5335/10913/4049/257397/128178/958/695/959/4791/3654/2919/142/84433/5971/7132/929/3932",22
"hsa00650","Metabolism","Carbohydrate metabolism","hsa00650","Butanoate metabolism","4/1445","15/4608",0.741576251492506,0.999999421902184,0.906882066826272,"7915/1892/79944/18",4
"hsa04980",NA,NA,"hsa04980","Cobalamin transport and metabolism","4/1445","15/4608",0.741576251492506,0.999999421902184,0.906882066826272,"6948/51293/5052/6947",4
"hsa05132","Human Diseases","Infectious disease: bacterial","hsa05132","Salmonella infection","59/1445","200/4608",0.742779964612458,0.999999421902184,0.906882066826272,"71/23191/81027/84617/103910/10398/8743/3553/6188/27128/3606/302/5058/3800/3071/257397/4671/4074/203068/51176/7280/8795/8655/10376/3654/8767/837/838/2597/388/5605/10093/4609/10095/7184/7295/5294/1432/7277/578/3326/3836/79443/6281/5217/7097/834/7132/929/26999/6500/10092/5287/6932/7846/1499/10097/5293/7100",59
"hsa01522","Human Diseases","Drug resistance: antineoplastic","hsa01522","Endocrine resistance","19/1445","67/4608",0.744200909378642,0.999999421902184,0.906882066826272,"182/115/6714/4318/3480/1031/28514/4851/2885/5747/1871/6667/1026/5605/1432/4853/9611/5469/5293",19
"hsa04723","Organismal Systems","Nervous system","hsa04723","Retrograde endocannabinoid signaling","19/1445","67/4608",0.744200909378642,0.999999421902184,0.906882066826272,"4731/115/2788/2771/2791/5578/4712/3709/54539/221955/4722/4718/54331/4723/4725/1432/55967/11343/2773",19
"hsa04928","Organismal Systems","Endocrine system","hsa04928","Parathyroid hormone synthesis, secretion and action","19/1445","67/4608",0.744200909378642,0.999999421902184,0.906882066826272,"4040/115/9586/860/2771/9935/468/5578/3709/4666/6667/1026/4205/6446/1958/2768/27347/4208/2773",19
"hsa03250","Genetic Information Processing","Information processing in viruses","hsa03250","Viral life cycle - HIV-1","14/1445","50/4608",0.744329613076736,0.999999421902184,0.906882066826272,"4599/4600/10015/4300/9638/9972/200315/100913187/5478/920/684/256987/85363/22936",14
"hsa05120","Human Diseases","Infectious disease: bacterial","hsa05120","Epithelial cell signaling in Helicobacter pylori infection","14/1445","50/4608",0.744329613076736,0.999999421902184,0.906882066826272,"4067/6714/102/6352/5335/5058/23545/2919/155066/9114/533/526/1432/83700",14
"hsa04148","Cellular Processes","Transport and catabolism","hsa04148","Efferocytosis","33/1445","114/4608",0.744415000667236,0.999999421902184,0.906882066826272,"1850/10326/5732/100133941/102/8578/1847/19/3988/4035/23411/5175/5777/246/811/5029/5747/5627/89790/5605/64805/1432/488/24145/6446/383/834/1524/84868/712/713/6513/1844",33
"hsa05165","Human Diseases","Infectious disease: viral","hsa05165","Human papillomavirus infection","61/1445","207/4608",0.749044664054391,0.999999421902184,0.906882066826272,"2308/10379/182/4599/4600/1291/3911/9586/3695/3678/9519/890/3915/4851/5516/3133/7976/3661/5525/3135/8321/3107/2885/6696/3516/23545/5747/7450/2932/1298/155066/5315/3955/9114/1026/533/5605/3688/5663/23462/5610/526/57801/9636/3676/1293/578/5521/3659/5829/6773/7132/8638/4853/3691/5590/6772/6932/1499/5293/3655",61
"hsa04910","Organismal Systems","Endocrine system","hsa04910","Insulin signaling pathway","29/1445","101/4608",0.751988761332325,0.999999421902184,0.906882066826272,"5106/2308/79660/2002/3632/5836/3099/5792/808/2203/5834/10211/6194/2885/2932/3098/5564/8569/5605/2889/5501/5575/92579/5562/9470/3101/2319/5590/5293",29
"hsa05170","Human Diseases","Infectious disease: viral","hsa05170","Human immunodeficiency virus 1 infection","44/1445","151/4608",0.752127190158723,0.999999421902184,0.906882066826272,"637/2788/8945/2771/5530/2791/5578/8905/5335/808/200315/100913187/5058/3985/5534/3709/3133/3661/3135/6890/6891/3107/920/7465/811/684/5062/3654/5747/1642/54331/85363/5605/916/1432/578/7097/5829/915/7132/6500/5293/919/2773",44
"hsa05030","Human Diseases","Substance dependence","hsa05030","Cocaine addiction","5/1445","19/4608",0.759688317835847,0.999999421902184,0.906882066826272,"9586/2771/468/8851/2773",5
"hsa00760","Metabolism","Metabolism of cofactors and vitamins","hsa00760","Nicotinate and nicotinamide metabolism","6/1445","23/4608",0.775948195866005,0.999999421902184,0.906882066826272,"54981/4860/952/56953/683/23411",6
"hsa04150","Environmental Information Processing","Signal transduction","hsa04150","mTOR signaling pathway","31/1445","109/4608",0.777491002755507,0.999999421902184,0.906882066826272,"4040/81617/2887/79899/3480/5578/9706/51256/107080638/9663/55004/7976/55615/8321/6197/6194/2885/2932/5605/10542/526/55437/6446/58528/6196/7132/96459/5562/9470/253260/5293",31
"hsa03410","Genetic Information Processing","Replication and repair","hsa03410","Base excision repair","11/1445","41/4608",0.784856712599529,0.999999421902184,0.906882066826272,"27343/252969/5111/10714/143/2237/5982/57804/5984/142/7374",11
"hsa04664","Organismal Systems","Immune system","hsa04664","Fc epsilon RI signaling pathway","13/1445","48/4608",0.785423618821768,0.999999421902184,0.906882066826272,"4067/6850/5578/241/5335/695/2885/2207/5605/1432/8605/2206/5293",13
"hsa04072","Environmental Information Processing","Signal transduction","hsa04072","Phospholipase D signaling pathway","26/1445","93/4608",0.794667309006378,0.999999421902184,0.906882066826272,"56894/5155/10161/115/6850/22800/80310/5578/5335/27128/1608/5900/146850/10554/2885/1606/2207/1609/5605/10555/5294/8605/56034/2768/2206/5293",26
"hsa05235","Human Diseases","Cancer: overview","hsa05235","PD-L1 expression and PD-1 checkpoint pathway in cancer","21/1445","76/4608",0.795571355074859,0.999999421902184,0.906882066826272,"3460/5530/5335/116071/10538/5534/920/5777/29126/5605/916/1432/4794/7097/915/940/6772/3932/5293/919/55509",21
"hsa00071","Metabolism","Lipid metabolism","hsa00071","Fatty acid degradation","8/1445","31/4608",0.803999227780687,0.999999421902184,0.906882066826272,"10449/1892/51703/23205/2180/1632/51/217",8
"hsa00030","Metabolism","Carbohydrate metabolism","hsa00030","Pentose phosphate pathway","6/1445","24/4608",0.812605602582242,0.999999421902184,0.906882066826272,"6888/2203/230/5214/8277/22934",6
"hsa04215","Cellular Processes","Cell growth and death","hsa04215","Apoptosis - multiple species","6/1445","24/4608",0.812605602582242,0.999999421902184,0.906882066826272,"637/8678/666/332/578/7132",6
"hsa01212","Metabolism","Global and overview maps","hsa01212","Fatty acid metabolism","11/1445","42/4608",0.812686541258113,0.999999421902184,0.906882066826272,"79966/10449/1892/51703/3992/5538/23205/2180/3295/51144/51",11
"hsa04932","Human Diseases","Endocrine and metabolic disease","hsa04932","Non-alcoholic fatty liver disease","31/1445","111/4608",0.813154946656376,0.999999421902184,0.906882066826272,"4731/637/1329/29796/468/3553/1537/1351/4712/7494/54539/1337/4722/4718/2932/4723/5564/4725/9377/4296/1340/1432/55967/9451/1050/7132/5562/51094/7384/5293/7388",31
"hsa04911","Organismal Systems","Endocrine system","hsa04911","Insulin secretion","9/1445","35/4608",0.816207353771528,0.999999421902184,0.906882066826272,"115/9586/468/5578/483/482/3783/481/6513",9
"hsa04012","Environmental Information Processing","Signal transduction","hsa04012","ErbB signaling pathway","16/1445","60/4608",0.822825346295401,0.999999421902184,0.906882066826272,"6714/2002/5578/7039/5335/5058/2885/5062/5747/2932/6776/1026/5605/4609/3084/5293",16
"hsa04914","Organismal Systems","Endocrine system","hsa04914","Progesterone-mediated oocyte maturation","16/1445","60/4608",0.822825346295401,0.999999421902184,0.906882066826272,"115/8881/2771/3480/119504/890/51433/6197/25847/3835/80315/1432/3326/6196/5293/2773",16
"hsa00514","Metabolism","Glycan biosynthesis and metabolism","hsa00514","Other types of O-glycan biosynthesis","7/1445","28/4608",0.823344742043237,0.999999421902184,0.906882066826272,"11226/56983/10585/2590/23127/8703/3955",7
"hsa04630","Environmental Information Processing","Signal transduction","hsa04630","JAK-STAT signaling pathway","24/1445","88/4608",0.828651544675755,0.999999421902184,0.906882066826272,"3563/1438/10379/5155/9063/3588/3460/2273/3560/9466/23529/5777/2885/6776/1026/4609/3566/50615/163702/6773/6772/1154/5293/6775",24
"hsa04740","Organismal Systems","Sensory system","hsa04740","Olfactory transduction","4/1445","17/4608",0.830456973033854,0.999999421902184,0.906882066826272,"2788/83988/808/123041",4
"hsa05031","Human Diseases","Substance dependence","hsa05031","Amphetamine addiction","8/1445","32/4608",0.833459956584485,0.999999421902184,0.906882066826272,"9586/5530/468/5578/808/5534/23411/5501",8
"hsa01521","Human Diseases","Drug resistance: antineoplastic","hsa01521","EGFR tyrosine kinase inhibitor resistance","15/1445","57/4608",0.83359887194484,0.999999421902184,0.906882066826272,"5155/6714/3480/80310/5578/7039/5335/6194/2885/2932/5605/3084/56034/9470/5293",15
"hsa05135","Human Diseases","Infectious disease: bacterial","hsa05135","Yersinia infection","30/1445","109/4608",0.835858555149179,0.999999421902184,0.906882066826272,"71/8874/6714/8935/3678/3553/5335/3606/3661/6197/920/3654/5747/2932/5605/3688/10093/10095/1432/3676/5829/834/6196/10092/926/925/10097/3932/5293/2212",30
"hsa01210","Metabolism","Global and overview maps","hsa01210","2-Oxocarboxylic acid metabolism","5/1445","21/4608",0.837030297877118,0.999999421902184,0.906882066826272,"586/3418/2806/55526/1431",5
"hsa05213","Human Diseases","Cancer: specific types","hsa05213","Endometrial cancer","12/1445","47/4608",0.847288875371743,0.999999421902184,0.906882066826272,"2002/51176/2885/3611/2932/1026/5605/4609/578/6932/1499/5293",12
"hsa05231","Human Diseases","Cancer: overview","hsa05231","Choline metabolism in cancer","17/1445","65/4608",0.852578628998634,0.999999421902184,0.906882066826272,"5155/80310/5578/5335/1608/5900/6580/56994/2885/1606/1609/6667/5605/8605/56034/6583/5293",17
"hsa05022","Human Diseases","Neurodegenerative disease","hsa05022","Pathways of neurodegeneration - multiple diseases","84/1445","292/4608",0.853653914447993,0.999999421902184,0.906882066826272,"4040/4731/7327/637/1329/81027/84617/847/29796/23401/5530/8678/5690/468/5578/3553/55062/9706/5335/2882/808/10105/1537/3800/1351/4712/7415/5534/3709/7494/7976/5682/8321/54539/203068/5701/7280/1536/292/1337/10376/4722/9246/4718/2932/9927/6622/7311/3092/4723/5605/25981/5663/7326/4725/120892/9377/7314/5719/1340/22926/1432/55967/488/7277/26100/578/7316/9451/4218/7132/6261/8851/2878/2876/5715/7416/7846/5686/7384/1499/824/11315/7388",84
"hsa04920","Organismal Systems","Endocrine system","hsa04920","Adipocytokine signaling pathway","13/1445","51/4608",0.856139778433069,0.999999421902184,0.906882066826272,"5106/26060/10645/51703/5564/23205/2180/92579/4794/7132/5562/51094/6513",13
"hsa04660","Organismal Systems","Immune system","hsa04660","T cell receptor signaling pathway","26/1445","97/4608",0.862293404573872,0.999999421902184,0.906882066826272,"5530/5335/9402/5058/5534/5516/5525/959/920/5777/2885/5062/2932/5605/84433/916/1432/4794/5521/915/940/926/925/3932/5293/919",26
"hsa00061","Metabolism","Lipid metabolism","hsa00061","Fatty acid biosynthesis","3/1445","14/4608",0.864359557938762,0.999999421902184,0.906882066826272,"51703/23205/2180",3
"hsa00100","Metabolism","Lipid metabolism","hsa00100","Steroid biosynthesis","3/1445","14/4608",0.864359557938762,0.999999421902184,0.906882066826272,"4047/2222/3988",3
"hsa05214","Human Diseases","Cancer: specific types","hsa05214","Glioma","14/1445","55/4608",0.864365007350521,0.999999421902184,0.906882066826272,"5155/3480/5578/7039/5335/808/57118/8536/2885/1871/1026/5605/578/5293",14
"hsa05016","Human Diseases","Neurodegenerative disease","hsa05016","Huntington disease","54/1445","193/4608",0.867672451103275,0.999999421902184,0.906882066826272,"4731/1329/81027/84617/9586/29796/8678/5690/9519/55062/9706/2882/5978/10105/1537/3800/1351/4712/5682/54539/203068/5701/5436/7280/292/1337/10376/4722/4718/3092/4723/6667/1211/25981/5439/4725/9377/6648/5719/1340/55967/548644/7277/26100/1175/1212/2878/2876/5715/7416/7846/5686/7384/7388",54
"hsa04550","Cellular Processes","Cellular community - eukaryotes","hsa04550","Signaling pathways regulating pluripotency of stem cells","17/1445","66/4608",0.87004448788789,0.999999421902184,0.906882066826272,"3720/9314/3480/5978/3399/7994/7976/8321/2885/2932/5605/4609/1432/659/6932/1499/5293",17
"hsa00533","Metabolism","Glycan biosynthesis and metabolism","hsa00533","Glycosaminoglycan biosynthesis - keratan sulfate","2/1445","10/4608",0.870974349317784,0.999999421902184,0.906882066826272,"9435/8703",2
"hsa03060","Genetic Information Processing","Folding, sorting and degradation","hsa03060","Protein export","6/1445","26/4608",0.871615953300626,0.999999421902184,0.906882066826272,"5018/23480/60559/10952/58477/28972",6
"hsa04720","Organismal Systems","Nervous system","hsa04720","Long-term potentiation","10/1445","41/4608",0.873427324086466,0.999999421902184,0.906882066826272,"5530/468/5578/808/5534/3709/6197/5605/5501/6196",10
"hsa04114","Cellular Processes","Cell growth and death","hsa04114","Oocyte meiosis","22/1445","84/4608",0.875849234906777,0.999999421902184,0.906882066826272,"9985/115/8881/8945/5530/3480/808/119504/51433/5534/3709/5516/7532/5525/6197/25847/9232/80315/5501/1432/6196/6500",22
"hsa04725","Organismal Systems","Nervous system","hsa04725","Cholinergic synapse","14/1445","56/4608",0.882021014456756,0.999999421902184,0.906882066826272,"115/2788/9586/2771/468/2791/5578/146850/3709/3759/54331/5294/5293/2773",14
"hsa05210","Human Diseases","Cancer: specific types","hsa05210","Colorectal cancer","17/1445","67/4608",0.885850974820323,0.999999421902184,0.906882066826272,"26060/7039/5900/51176/2885/332/2932/4437/1026/5605/4609/578/6932/7048/1499/5293/2956",17
"hsa04270","Organismal Systems","Circulatory system","hsa04270","Vascular smooth muscle contraction","16/1445","64/4608",0.894437082460018,0.999999421902184,0.906882066826272,"115/10398/5581/5578/808/5739/133/3709/94274/5605/5501/59/8605/5580/2768/4660",16
"hsa00512","Metabolism","Glycan biosynthesis and metabolism","hsa00512","Mucin type O-glycan biosynthesis","3/1445","15/4608",0.895055384550326,0.999999421902184,0.906882066826272,"11226/10610/2590",3
"hsa04934","Human Diseases","Endocrine and metabolic disease","hsa04934","Cushing syndrome","21/1445","82/4608",0.89652110297762,0.999999421902184,0.906882066826272,"8911/115/9586/2771/468/1031/3709/7976/8321/51176/2932/1030/1871/6667/1026/9049/5605/2271/6932/1499/2773",21
"hsa04912","Organismal Systems","Endocrine system","hsa04912","GnRH signaling pathway","14/1445","57/4608",0.897786363181566,0.999999421902184,0.906882066826272,"115/6714/2002/468/5578/808/3709/2885/5605/1432/8605/4216/1958/5580",14
"hsa04068","Environmental Information Processing","Signal transduction","hsa04068","FoxO signaling pathway","24/1445","93/4608",0.901273354600629,0.999999421902184,0.906882066826272,"5106/2308/847/114907/3480/4303/8743/11345/23411/1032/2885/1030/1026/5564/5605/6648/1432/7874/6446/92579/5562/10365/7048/5293",24
"hsa04929","Organismal Systems","Endocrine system","hsa04929","GnRH secretion","8/1445","35/4608",0.901296223987718,0.999999421902184,0.906882066826272,"8911/5578/3709/6696/5605/84634/3783/5293",8
"hsa04916","Organismal Systems","Endocrine system","hsa04916","Melanogenesis","12/1445","50/4608",0.90247640784373,0.999999421902184,0.906882066826272,"115/2771/5578/808/7976/8321/51176/2932/5605/6932/1499/2773",12
"hsa04211","Organismal Systems","Aging","hsa04211","Longevity regulating pathway","15/1445","61/4608",0.903090121791311,0.999999421902184,0.906882066826272,"2308/115/9586/847/3480/468/26060/10645/23411/5564/6648/5562/9470/51094/5293",15
"hsa00140","Metabolism","Lipid metabolism","hsa00140","Steroid hormone biosynthesis","2/1445","11/4608",0.904235002320016,0.999999421902184,0.906882066826272,"8644/51144",2
"hsa04728","Organismal Systems","Nervous system","hsa04728","Dopaminergic synapse","18/1445","72/4608",0.905398694292054,0.999999421902184,0.906882066826272,"2788/9586/2771/5530/468/2791/5578/808/3800/3709/5516/5525/2932/54331/5501/1432/5521/2773",18
"hsa04926","Organismal Systems","Endocrine system","hsa04926","Relaxin signaling pathway","18/1445","72/4608",0.905398694292054,0.999999421902184,0.906882066826272,"115/2788/9586/6714/4318/2771/468/2791/5578/2885/54331/5605/59/1432/5590/7048/5293/2773",18
"hsa05017","Human Diseases","Neurodegenerative disease","hsa05017","Spinocerebellar ataxia","25/1445","97/4608",0.906576612853812,0.999999421902184,0.906882066826272,"6095/8678/5690/5578/115209/9519/55062/9706/10105/3709/7494/5682/5701/292/3516/6667/5719/488/26100/6261/5715/7416/5686/5293/9698",25
"hsa04917","Organismal Systems","Endocrine system","hsa04917","Prolactin signaling pathway","10/1445","43/4608",0.908974637933097,0.999999421902184,0.906882066826272,"6714/2885/2932/6776/5605/1432/3659/6772/1154/5293",10
"hsa04014","Environmental Information Processing","Signal transduction","hsa04014","Ras signaling pathway","32/1445","122/4608",0.911012145186237,0.999999421902184,0.906882066826272,"10928/2322/5155/7074/2788/22800/2002/3480/80310/4303/2791/5578/7039/5335/808/5900/5058/9610/2323/1942/2885/5863/5062/54331/5605/11186/1436/8605/56034/115727/25780/5293",32
"hsa05032","Human Diseases","Substance dependence","hsa05032","Morphine addiction","7/1445","32/4608",0.915776264981812,0.999999421902184,0.906882066826272,"115/2788/2771/2791/5578/54331/2773",7
"hsa04015","Environmental Information Processing","Signal transduction","hsa04015","Rap1 signaling pathway","29/1445","112/4608",0.915825218912418,0.999999421902184,0.906882066826272,"71/5155/115/3689/7074/6714/2771/3480/80310/5578/5335/808/5900/1942/25865/5605/3688/2889/1436/1432/2357/56034/5217/25780/5590/5909/1499/5293/2773",29
"hsa04210","Cellular Processes","Cell growth and death","hsa04210","Apoptosis","29/1445","112/4608",0.915825218912418,0.999999421902184,0.906882066826272,"71/3563/637/9131/468/143/8743/1514/2021/3709/1512/8795/10376/1521/332/3002/4001/5605/142/1513/1520/7277/578/9451/7132/7846/824/5293/4000",29
"hsa04933","Human Diseases","Endocrine and metabolic disease","hsa04933","AGE-RAGE signaling pathway in diabetic complications","15/1445","62/4608",0.916137809359771,0.999999421902184,0.906882066826272,"2308/5581/5578/3553/5335/7056/1536/6776/1432/1958/5580/5590/6772/7048/5293",15
"hsa05014","Human Diseases","Neurodegenerative disease","hsa05014","Amyotrophic lateral sclerosis","67/1445","243/4608",0.917136347842126,0.999999421902184,0.906882066826272,"71/4731/637/1329/29979/81027/84617/847/9688/29796/23064/5530/8678/5690/283/468/55062/9972/9706/2882/29107/1537/79023/3800/1351/4712/7415/5534/7494/5682/54539/203068/5701/7280/1337/10376/4722/4718/10189/9883/4723/25981/3084/4725/9377/5719/1340/22926/1432/55967/7277/26100/9451/5217/23225/834/4218/7132/4927/2878/2876/5715/7416/7846/5686/7384/7388",67
"hsa04935","Organismal Systems","Endocrine system","hsa04935","Growth hormone synthesis, secretion and action","18/1445","73/4608",0.917329134604701,0.999999421902184,0.906882066826272,"115/9586/2771/468/5578/5335/51738/3709/2885/3486/5747/2932/6776/5605/1432/6772/5293/2773",18
"hsa05211","Human Diseases","Cancer: specific types","hsa05211","Renal cell carcinoma","13/1445","55/4608",0.920501739441785,0.999999421902184,0.906882066826272,"5155/2034/7039/5058/54583/2885/5062/1026/5605/2889/2271/6513/5293",13
"hsa05218","Human Diseases","Cancer: specific types","hsa05218","Melanoma","9/1445","40/4608",0.92054383254103,0.999999421902184,0.906882066826272,"5155/3480/80310/1871/1026/5605/578/56034/5293",9
"hsa05226","Human Diseases","Cancer: specific types","hsa05226","Gastric cancer","19/1445","77/4608",0.921567679565498,0.999999421902184,0.906882066826272,"4040/23401/7976/8321/5243/51176/2885/2932/1030/1871/1026/5605/4609/578/3728/6932/7048/1499/5293",19
"hsa04130","Genetic Information Processing","Folding, sorting and degradation","hsa04130","SNARE interactions in vesicular transport","6/1445","29/4608",0.930485457015226,0.999999421902184,0.906882066826272,"9342/10490/55014/51272/10791/9341",6
"hsa04726","Organismal Systems","Nervous system","hsa04726","Serotonergic synapse","10/1445","45/4608",0.935720503662776,0.999999421902184,0.906882066826272,"2788/2771/2791/5578/3709/246/54331/239/8605/2773",10
"hsa04120","Genetic Information Processing","Folding, sorting and degradation","hsa04120","Ubiquitin mediated proteolysis","31/1445","122/4608",0.93974217020353,0.999999421902184,0.906882066826272,"7327/9063/8925/5371/23295/8881/8945/8924/11065/23327/119504/51433/27338/63893/9817/9246/140739/1642/10075/25847/7311/7326/4591/7314/10055/7316/7320/55120/6500/7325/26232",31
"hsa05223","Human Diseases","Cancer: specific types","hsa05223","Non-small cell lung cancer","13/1445","57/4608",0.942284039940394,0.999999421902184,0.906882066826272,"5578/7039/5335/3800/2885/1871/6776/1026/5605/11186/578/2272/5293",13
"hsa00510","Metabolism","Glycan biosynthesis and metabolism","hsa00510","N-Glycan biosynthesis","9/1445","42/4608",0.945082586495752,0.999999421902184,0.906882066826272,"4248/11282/3703/6184/746/1650/8703/4245/57134",9
"hsa03020","Genetic Information Processing","Transcription","hsa03020","RNA polymerase","5/1445","26/4608",0.945232265029354,0.999999421902184,0.906882066826272,"51082/5436/51728/5439/548644",5
"hsa04923","Organismal Systems","Endocrine system","hsa04923","Regulation of lipolysis in adipocytes","5/1445","26/4608",0.945232265029354,0.999999421902184,0.906882066826272,"115/2771/11343/5293/2773",5
"hsa00563","Metabolism","Glycan biosynthesis and metabolism","hsa00563","Glycosylphosphatidylinositol (GPI)-anchor biosynthesis","4/1445","22/4608",0.948044417043314,0.999999421902184,0.906882066826272,"65258/9488/54965/5279",4
"hsa04977","Organismal Systems","Digestive system","hsa04977","Vitamin digestion and absorption","2/1445","13/4608",0.948123518410117,0.999999421902184,0.906882066826272,"6948/151056",2
"hsa04722","Organismal Systems","Nervous system","hsa04722","Neurotrophin signaling pathway","22/1445","91/4608",0.948623167002526,0.999999421902184,0.906882066826272,"9252/4145/9500/468/10782/5335/808/6197/2885/3654/2932/8767/5605/2889/5663/11213/1432/4794/5580/6196/6272/5293",22
"hsa05034","Human Diseases","Substance dependence","hsa05034","Alcoholism","13/1445","58/4608",0.95109405629597,0.999999421902184,0.906882066826272,"2788/9586/2771/468/2791/808/10645/2885/54331/5501/2030/9759/2773",13
"hsa03015","Genetic Information Processing","Translation","hsa03015","mRNA surveillance pathway","18/1445","77/4608",0.953286142389426,0.999999421902184,0.906882066826272,"9775/10284/65110/22794/29107/23708/26986/53981/5516/5525/23381/10189/5501/5521/29101/51692/2107/80335",18
"hsa05203","Human Diseases","Cancer: overview","hsa05203","Viral carcinogenesis","36/1445","142/4608",0.953593076241473,0.999999421902184,0.906882066826272,"10379/4067/9586/6850/6714/3665/468/9519/27044/890/2966/728340/7532/3133/28973/3661/3135/87/3107/2885/4791/3516/1030/1642/2934/5315/6776/9114/1026/1232/5610/7874/578/9759/5829/5293",36
"hsa03460","Genetic Information Processing","Replication and repair","hsa03460","Fanconi anemia pathway","7/1445","35/4608",0.954314045763591,0.999999421902184,0.906882066826272,"6117/641/6118/2177/2175/5889/55120",7
"hsa04927","Organismal Systems","Endocrine system","hsa04927","Cortisol synthesis and secretion","6/1445","31/4608",0.955043117619401,0.999999421902184,0.906882066826272,"8911/115/9586/468/3709/6667",6
"hsa04340","Environmental Information Processing","Signal transduction","hsa04340","Hedgehog signaling pathway","5/1445","27/4608",0.956705145641813,0.999999421902184,0.906882066826272,"23295/8945/2932/5727/1453",5
"hsa04218","Cellular Processes","Cell growth and death","hsa04218","Cellular senescence","29/1445","118/4608",0.958735851150001,0.999999421902184,0.906882066826272,"2308/8945/22800/1875/5530/808/890/5534/3709/23411/3133/3135/1874/3107/292/3486/5928/1030/1871/10111/1026/5605/4609/5501/1432/7416/7048/824/5293",29
"hsa04310","Environmental Information Processing","Signal transduction","hsa04310","Wnt signaling pathway","21/1445","89/4608",0.959213758152383,0.999999421902184,0.906882066826272,"4040/8945/23401/5530/5176/5578/5534/23411/7976/8321/51176/7090/2932/5663/4609/1488/59352/7089/6500/6932/1499",21
"hsa04110","Cellular Processes","Cell growth and death","hsa04110","Cell cycle","31/1445","126/4608",0.962681547457198,0.999999421902184,0.906882066826272,"7027/8881/4174/1875/5111/1031/119504/890/51433/5516/7532/5525/1874/7029/1032/7465/2932/1030/4173/25847/5591/1871/1026/9232/23383/4609/4172/81620/4176/113130/6500",31
"hsa04622","Organismal Systems","Immune system","hsa04622","RIG-I-like receptor signaling pathway","9/1445","44/4608",0.962689381479824,0.999999421902184,0.906882066826272,"3665/57506/57169/3661/3627/79132/9636/1432/103",9
"hsa03013","Genetic Information Processing","Translation","hsa03013","Nucleocytoplasmic transport","20/1445","86/4608",0.963106180146526,0.999999421902184,0.906882066826272,"6612/9775/10284/65110/9688/10073/22794/9972/29107/79023/3838/23039/10189/9883/11260/3836/23225/3842/4927/84321",20
"hsa03022","Genetic Information Processing","Transcription","hsa03022","Basal transcription factors","6/1445","32/4608",0.964104698997306,0.999999421902184,0.906882066826272,"9519/2966/728340/404672/2969/2071",6
"hsa04024","Environmental Information Processing","Signal transduction","hsa04024","cAMP signaling pathway","22/1445","94/4608",0.966217584429003,0.999999421902184,0.906882066826272,"115/5732/7074/9586/10398/22800/2771/483/808/482/5058/51738/2867/5605/5727/5501/488/51/481/5293/493/2773",22
"hsa00280","Metabolism","Amino acid metabolism","hsa00280","Valine, leucine and isoleucine degradation","7/1445","37/4608",0.970303844719434,0.999999421902184,0.906882066826272,"586/10449/1892/18/4329/5096/217",7
"hsa05222","Human Diseases","Cancer: specific types","hsa05222","Small cell lung cancer","14/1445","65/4608",0.97155494917647,0.999999421902184,0.906882066826272,"3911/3915/5747/1030/1871/1026/3688/4609/4149/578/1163/2272/5293/3655",14
"hsa04668","Environmental Information Processing","Signal transduction","hsa04668","TNF signaling pathway","20/1445","88/4608",0.972670570240019,0.999999421902184,0.906882066826272,"182/9252/9586/4318/468/6352/3553/4049/257397/79651/3627/2919/6374/64127/1432/8809/3659/7132/192111/5293",20
"hsa00040","Metabolism","Carbohydrate metabolism","hsa00040","Pentose and glucuronate interconversions","1/1445","10/4608",0.976883270719626,0.999999421902184,0.906882066826272,"2990",1
"hsa00785","Metabolism","Metabolism of cofactors and vitamins","hsa00785","Lipoic acid metabolism","1/1445","10/4608",0.976883270719626,0.999999421902184,0.906882066826272,"55526",1
"hsa04140","Cellular Processes","Transport and catabolism","hsa04140","Autophagy - animal","34/1445","141/4608",0.977927392693641,0.999999421902184,0.906882066826272,"55578/1612/22800/9342/8678/3480/7405/55062/9706/1514/11345/10645/5516/23192/58476/55014/7311/83734/23604/5605/285973/64419/7314/23001/58528/26100/7316/9451/4218/5580/5562/81671/5293/51100",34
"hsa00900","Metabolism","Metabolism of terpenoids and polyketides","hsa00900","Terpenoid backbone biosynthesis","3/1445","21/4608",0.980066053584219,0.999999421902184,0.906882066826272,"23590/4598/51449",3
"hsa04714","Organismal Systems","Environmental adaptation","hsa04714","Thermogenesis","35/1445","146/4608",0.981490130256913,0.999999421902184,0.906882066826272,"71/4731/1329/115/9586/29796/1537/1351/4712/51703/6604/54539/6197/1337/4722/6194/388753/2885/4718/10063/4723/5564/123096/4725/9377/1340/1432/55967/2180/11343/6196/5562/51780/7384/7388",35
"hsa05161","Human Diseases","Infectious disease: viral","hsa05161","Hepatitis B","28/1445","122/4608",0.985291225891338,0.999999421902184,0.906882066826272,"637/9586/6714/4318/3665/5111/2002/57506/468/5578/890/3661/2885/332/3654/1642/1871/6776/1026/5605/4609/1432/7097/6773/6772/7048/5293/6775",28
"hsa04115","Cellular Processes","Cell growth and death","hsa04115","p53 signaling pathway","11/1445","57/4608",0.986133768022851,0.999999421902184,0.906882066826272,"637/55240/8795/50484/3486/25946/6241/1026/51246/4194/9540",11
"hsa04962","Organismal Systems","Excretory system","hsa04962","Vasopressin-regulated water reabsorption","5/1445","32/4608",0.98750073256314,0.999999421902184,0.906882066826272,"115/9586/8766/9230/8655",5
"hsa04742","Organismal Systems","Sensory system","hsa04742","Taste transduction","1/1445","12/4608",0.989130912227065,0.999999421902184,0.906882066826272,"6328",1
"hsa03008","Genetic Information Processing","Translation","hsa03008","Ribosome biogenesis in eukaryotes","11/1445","61/4608",0.993944779175613,0.999999421902184,0.906882066826272,"10171/27341/3692/55505/10556/29107/10813/25996/55341/54552/1736",11
"hsa03083","Genetic Information Processing","Chromosome","hsa03083","Polycomb repressive complex","13/1445","71/4608",0.995754762133431,0.999999421902184,0.906882066826272,"23466/221937/7027/3720/1911/11335/5252/171023/5928/26053/4149/7874/6500",13
"hsa00970","Genetic Information Processing","Translation","hsa00970","Aminoacyl-tRNA biosynthesis","2/1445","21/4608",0.996138189136591,0.999999421902184,0.906882066826272,"55278/10352",2
"hsa04071","Environmental Information Processing","Signal transduction","hsa04071","Sphingolipid signaling pathway","18/1445","93/4608",0.996933566300657,0.999999421902184,0.906882066826272,"637/2771/5581/5578/5516/5525/2207/9517/5605/1432/5521/2768/7132/2206/5590/140/5293/2773",18
"hsa03040","Genetic Information Processing","Transcription","hsa03040","Spliceosome","25/1445","121/4608",0.997127701819893,0.999999421902184,0.906882066826272,"7307/102724594/9775/6431/10907/84950/3305/3303/3304/6426/56949/55119/1655/10189/3310/57461/8896/6434/153527/11325/10929/84321/8683/10450/10946",25
"hsa05212","Human Diseases","Cancer: specific types","hsa05212","Pancreatic cancer","10/1445","63/4608",0.998522118167646,0.999999421902184,0.906882066826272,"10928/7039/5900/9459/1871/1026/578/6772/7048/5293",10
"hsa05220","Human Diseases","Cancer: specific types","hsa05220","Chronic myeloid leukemia","10/1445","64/4608",0.998833376251788,0.999999421902184,0.906882066826272,"2885/1871/6776/1026/5605/4609/1488/578/7048/5293",10
"hsa00310","Metabolism","Amino acid metabolism","hsa00310","Lysine degradation","5/1445","41/4608",0.998922283028935,0.999999421902184,0.906882066826272,"1892/23127/55526/23067/217",5
"hsa03018","Genetic Information Processing","Folding, sorting and degradation","hsa03018","RNA degradation","9/1445","62/4608",0.999366528031808,0.999999421902184,0.906882066826272,"87178/26986/2026/115752/5214/3329/57472/56915/2023",9
"hsa05168","Human Diseases","Infectious disease: viral","hsa05168","Herpes simplex virus 1 infection","66/1445","316/4608",0.999993629545955,0.999999421902184,0.906882066826272,"10379/637/5371/6431/3460/6850/6714/3665/8892/3678/170959/57506/6352/3553/57541/126375/4049/3109/3108/3133/3122/3661/3135/3112/6426/6890/126017/3115/6891/3113/3123/3117/3107/3119/811/684/3654/10189/126231/10781/7710/29990/6732/51385/155061/4938/5610/4940/4939/5501/29992/578/9451/7097/27102/10929/3127/6773/7132/9422/972/55769/8683/121274/6772/5293",66
"hsa03082","Genetic Information Processing","Chromosome","hsa03082","ATP-dependent chromatin remodeling","7/1445","77/4608",0.999999421902184,0.999999421902184,0.906882066826272,"71/283899/6604/5928/57504/8295/5977",7
