"","Symbol","Obermoser_F_pvalue","Gosch_F_pvalue"
"1","ABCC10",0.0163929860118856,7.22801383967416e-07
"2","ABCE1",0.00962462198738332,6.61811952094763e-07
"3","ABCE1",0.112081383091173,6.61811952094763e-07
"4","ABCG1",0.00158158746222976,9.34731294601759e-07
"5","ABCG1",0.508504444714979,9.34731294601759e-07
"6","ABCG1",0.000344906370584861,9.34731294601759e-07
"7","ABCG1",0.525302066034886,9.34731294601759e-07
"8","ABHD14A",0.0191871891495757,0.0335307308878505
"9","ABHD5",0.000296128785601816,3.46436290328685e-14
"10","ABTB1",0.00370029136483141,7.83835162698678e-10
"11","ABTB1",0.326940572328015,7.83835162698678e-10
"12","ACBD6",0.000406776557164511,0.0210477134867427
"13","ACOX1",0.0168249886001813,2.99473495222949e-09
"14","ACOX1",0.720284732854663,2.99473495222949e-09
"15","ACOX1",0.280408996768769,2.99473495222949e-09
"16","ACSL1",0.00796614253354321,1.40775413229422e-06
"17","ACSL4",0.922538844693446,9.75485225694768e-06
"18","ACSL4",0.0661802887769406,9.75485225694768e-06
"19","ACSL4",0.047280835479533,9.75485225694768e-06
"20","ACTR1B",0.0156545975917397,0.00178203998869663
"21","ADAM28",0.0865234057239807,0.000260748272392909
"22","ADAM28",0.0182479819737387,0.000260748272392909
"23","ADAM28",0.349362492956125,0.000260748272392909
"24","ADK",0.000172963402098433,2.25153659248088e-11
"25","ADK",0.182597519861803,2.25153659248088e-11
"26","ADK",0.227607079813514,2.25153659248088e-11
"27","AGO4",0.0326025767875417,7.55062243401446e-08
"28","AGTRAP",0.127447800296251,1.02796673957158e-08
"29","AGTRAP",0.00161493094559409,1.02796673957158e-08
"30","AHNAK",0.00118198574058501,0.000862384706608691
"31","AHNAK",0.280531593573057,0.000862384706608691
"32","AHNAK",0.336447945305009,0.000862384706608691
"33","AIG1",0.00662006920103088,0.00307529879912942
"34","AK2",0.00776109983340654,0.00198524036881399
"35","AK2",0.115371809783069,0.00198524036881399
"36","AK2",0.294261003903926,0.00198524036881399
"37","AKIRIN2",0.0242067402875467,6.14338081545405e-08
"38","ALOX5",0.112474473113953,8.31738508269979e-07
"39","ALOX5",0.0051729411127221,8.31738508269979e-07
"40","ALOX5AP",1.35228734871805e-05,1.26794734554652e-11
"41","ALPL",0.0469927344733948,0.0126683711688131
"42","AMD1",0.0163812452906542,5.81884029262337e-13
"43","AMD1",0.405062637944229,5.81884029262337e-13
"44","ANTXR2",0.0148504977611005,5.06009032751403e-08
"45","AP3M2",0.00596974152975232,7.27906651752894e-09
"46","APAF1",0.00841191292358014,6.73692059442159e-09
"47","APAF1",0.488867472787048,6.73692059442159e-09
"48","APBB1IP",0.000991803945000804,1.0098401673977e-08
"49","APEX1",0.00889675511903424,9.49941297895691e-09
"50","APEX1",0.00832163902859458,9.49941297895691e-09
"51","APMAP",0.0128286983234413,3.02009272623087e-12
"52","APOL2",0.464616443982961,3.36358125602877e-06
"53","APOL2",0.0277117482321743,3.36358125602877e-06
"54","APOL2",0.396675711378374,3.36358125602877e-06
"55","APRT",0.572250369605528,2.88977855149578e-06
"56","APRT",0.0041097858437825,2.88977855149578e-06
"57","AQP9",0.00313273242433033,2.93744233905502e-10
"58","ARAP3",0.021089163444552,2.12387708535531e-06
"59","ARG1",0.00141893719176436,3.68557076743645e-08
"60","ARHGAP17",0.0115163796401415,0.000197698905894869
"61","ARHGAP17",0.759161451075015,0.000197698905894869
"62","ARHGAP21",0.048430406453716,0.00281634511381832
"63","ARHGAP25",0.660449162747848,1.72920710238945e-11
"64","ARHGAP25",0.0154442891284374,1.72920710238945e-11
"65","ARHGAP25",0.464451464920688,1.72920710238945e-11
"66","ARHGAP9",9.6149343550302e-05,2.6190729585389e-10
"67","ARHGAP9",0.00119281991918342,2.6190729585389e-10
"68","ARHGEF18",0.00458314119954453,6.46771728398308e-07
"69","ARHGEF40",0.0049799472977606,0.000103112817238218
"70","ARL15",0.522359151926625,0.00115114341481243
"71","ARL15",0.00327566476113964,0.00115114341481243
"72","ARRB2",0.682088764729568,6.14741874656046e-09
"73","ARRB2",0.0125501274789893,6.14741874656046e-09
"74","ARRDC3",0.0239056352018242,7.59250371632604e-05
"75","ARRDC3",0.135032590526496,7.59250371632604e-05
"76","ARSG",0.0265925463393269,1.42558409751909e-07
"77","ASB1",0.00767041085089098,0.00624492580385666
"78","ASCC3",0.0246819926567803,0.00613017919287229
"79","ASCC3",0.218400938611064,0.00613017919287229
"80","ASCC3",0.361079686064293,0.00613017919287229
"81","ATG2A",0.000362228550327203,4.52254465764576e-12
"82","ATIC",0.00130610513140073,1.14446530428149e-05
"83","ATP1A1",0.0444266832234643,6.61285565032346e-07
"84","ATP1A1",0.186884994797313,6.61285565032346e-07
"85","ATP1A1",0.825423114951782,6.61285565032346e-07
"86","ATP1B1",0.39987796268768,0.0105754307311707
"87","ATP1B1",0.156696022702193,0.0105754307311707
"88","ATP1B1",0.0189587499497242,0.0105754307311707
"89","ATP1B3",0.0322858631819155,0.00794689695713923
"90","ATP1B3",0.832184145927006,0.00794689695713923
"91","ATP1B3",0.256160764693376,0.00794689695713923
"92","ATP2C1",0.932017249982598,0.00480103133827138
"93","ATP2C1",0.256322199397652,0.00480103133827138
"94","ATP2C1",0.0476659415903681,0.00480103133827138
"95","ATP6V0B",0.0374520816111628,1.25168791591388e-07
"96","ATP6V0B",0.0540786782304528,1.25168791591388e-07
"97","ATP6V0E2",0.024520512286369,7.43448069549885e-05
"98","ATP6V1A",0.00141376330215407,4.0973309301312e-09
"99","ATP6V1B2",0.00697381778968662,1.10498460199821e-11
"100","AVIL",0.00719951781362399,2.96793081907515e-09
"101","B4GALT4",0.0258207527181461,0.00073573879973769
"102","B4GALT4",0.415664783084405,0.00073573879973769
"103","B4GALT5",0.000554557480712699,2.1477845073976e-12
"104","BACH2",0.364389644243892,1.15385916659654e-15
"105","BACH2",0.120583690465022,1.15385916659654e-15
"106","BACH2",0.07433448313419,1.15385916659654e-15
"107","BACH2",0.0177485940498356,1.15385916659654e-15
"108","BAG3",0.00285581228992901,0.000556600881482488
"109","BASP1",0.00120874788586385,1.20880885799612e-07
"110","BAZ1A",0.0790153142994499,7.63226968603364e-08
"111","BAZ1A",0.00436181829900599,7.63226968603364e-08
"112","BAZ2B",0.00617726131035092,3.18963785140059e-06
"113","BCAS4",0.392658325475639,1.61021275747055e-05
"114","BCAS4",0.00174758389553632,1.61021275747055e-05
"115","BCAS4",0.0131630301527341,1.61021275747055e-05
"116","BCCIP",0.0308498146436272,0.0114585115697003
"117","BCCIP",0.335393350505824,0.0114585115697003
"118","BCCIP",0.488893192155013,0.0114585115697003
"119","BCCIP",0.48907807411456,0.0114585115697003
"120","BCL11B",0.0375016499223206,6.11679706970812e-12
"121","BCL2",0.192069181421252,2.55807556980384e-16
"122","BCL2",0.00194270773580771,2.55807556980384e-16
"123","BCL3",0.00090797594899928,5.16193931694372e-07
"124","BCL6",0.00469943205907856,1.51160179613052e-08
"125","BCL6",0.000127619378136365,1.51160179613052e-08
"126","BEND2",0.0227115795717729,0.000123411437987765
"127","BEND2",0.0429744313379748,0.000123411437987765
"128","BEST1",0.0012433908075817,2.58726122580305e-08
"129","BET1L",0.000452454134632438,0.000298856508011121
"130","BEX2",0.0186176691212869,0.00627517305580496
"131","BEX4",0.606934857972926,5.68448333034276e-07
"132","BEX4",0.0479798424631499,5.68448333034276e-07
"133","BID",0.359860536070484,3.93276528126019e-05
"134","BID",0.0243815701344033,3.93276528126019e-05
"135","BIRC2",0.0486560914393113,3.32617527748788e-08
"136","BIRC2",0.539322188951169,3.32617527748788e-08
"137","BIRC3",0.00378224656869566,2.6935031198618e-17
"138","BIRC3",0.386790657418996,2.6935031198618e-17
"139","BIRC3",0.890945836247183,2.6935031198618e-17
"140","BNIP3",0.00134273185054342,4.66968134647259e-06
"141","BOD1",0.0392568594986021,0.0031883703523812
"142","BRAT1",4.15042397641678e-07,0.00966019341850267
"143","BRI3",0.0436632672192007,1.08521704487319e-09
"144","BRIX1",0.0350101688541853,0.00429059793574747
"145","BRIX1",0.543647348302504,0.00429059793574747
"146","BST1",0.0306188388193779,3.33307503059247e-06
"147","BZW2",0.0464945915575493,0.00288776494920258
"148","C3orf62",0.0453774494712316,5.52169772184676e-10
"149","C5AR1",0.0249390277679441,3.61886616058911e-07
"150","CA4",0.0024376827471897,1.475745802438e-07
"151","CACNA1I",0.00810441724203762,1.2025412333866e-09
"152","CAMK2D",0.259731164775909,3.47053911860368e-05
"153","CAMK2D",0.00741296411910989,3.47053911860368e-05
"154","CAMKK2",0.0494035240718755,3.85476882943887e-07
"155","CAMKK2",0.440260827949638,3.85476882943887e-07
"156","CAND1",0.0313313639841997,0.000704052184966107
"157","CAP1",0.0332318585932515,2.51174478656631e-06
"158","CARD16",0.556493131536447,0.0001115966634364
"159","CARD16",0.00768682032864781,0.0001115966634364
"160","CARS2",0.0449700406774291,8.36707519825144e-08
"161","CASP4",0.0447351975294747,5.3046269375584e-07
"162","CASP4",0.274356772256729,5.3046269375584e-07
"163","CASS4",0.00181535588485684,6.46583561690416e-14
"164","CCND3",0.00307872278656345,1.93194323931629e-14
"165","CCPG1",0.00674596891484919,1.34947495407836e-05
"166","CCPG1",0.188809701815695,1.34947495407836e-05
"167","CCR2",0.00617414929791137,0.0110211379800372
"168","CCR2",0.235679461291226,0.0110211379800372
"169","CCR2",0.0732962565061625,0.0110211379800372
"170","CCR2",0.0176905996149927,0.0110211379800372
"171","CCR7",0.001679338644481,1.82420834883765e-12
"172","CCT7",0.0790361396963299,0.00864266482375572
"173","CCT7",0.0114434790128619,0.00864266482375572
"174","CCT7",0.590194282398659,0.00864266482375572
"175","CD160",0.0260239333650827,2.15549429715375e-07
"176","CD1D",0.0252018524043671,6.8232123940233e-07
"177","CD200R1",0.742472529494146,4.48610560189887e-05
"178","CD200R1",0.0413347129621142,4.48610560189887e-05
"179","CD27",0.00190936809738009,1.84426091207846e-10
"180","CD28",0.0492165506072173,2.68963895830209e-13
"181","CD28",0.000876166382413285,2.68963895830209e-13
"182","CD3D",0.0332713505812756,1.45903035746816e-08
"183","CD3D",0.138749980328386,1.45903035746816e-08
"184","CD40",0.00608050636755248,4.93626718401295e-08
"185","CD6",0.023082326700746,1.43453088772535e-11
"186","CD69",0.00649544843330297,1.42600979104618e-06
"187","CD69",0.623053501663977,1.42600979104618e-06
"188","CD79B",0.0511424046716374,2.44141906936391e-10
"189","CD79B",0.015192521343244,2.44141906936391e-10
"190","CD79B",0.0950655985969133,2.44141906936391e-10
"191","CD83",1.74609274019877e-05,1.27429402753231e-06
"192","CD83",0.00372920904621351,1.27429402753231e-06
"193","CDA",0.0028324742246882,8.74718254341691e-09
"194","CDK19",2.46383285261955e-05,6.28526341994733e-14
"195","CDK6",0.0103144076178283,0.0002533780322513
"196","CEACAM1",0.00333180832171144,8.00792041723788e-08
"197","CEACAM1",0.000454486212889503,8.00792041723788e-08
"198","CEACAM1",0.00221627522612197,8.00792041723788e-08
"199","CEACAM3",0.0109753472682692,2.41995768776911e-06
"200","CEACAM4",0.0003870443459752,1.11769480830279e-09
"201","CEBPD",0.0128462143053469,7.81622061754851e-16
"202","CEBPG",0.048570924691263,0.0135567167627751
"203","CENPB",0.0370811785649593,0.00129370996316828
"204","CEP19",0.0191935785341213,3.12620289212068e-09
"205","CEP19",0.00470194746193361,3.12620289212068e-09
"206","CEP19",0.639436026810777,3.12620289212068e-09
"207","CEP63",0.00211401494970251,5.61011564550743e-09
"208","CEP63",0.815185901088461,5.61011564550743e-09
"209","CEP63",0.603051666577954,5.61011564550743e-09
"210","CFLAR",0.0107737926090284,2.73751174587718e-09
"211","CHD6",0.233383458286377,1.45806954667475e-07
"212","CHD6",0.00812314418956048,1.45806954667475e-07
"213","CHMP2A",0.106353446949648,3.33499005448614e-06
"214","CHMP2A",0.0089457976800348,3.33499005448614e-06
"215","CHMP2A",0.499042839369422,3.33499005448614e-06
"216","CHPT1",0.0476759094381702,7.84490755736432e-08
"217","CHPT1",0.169017750394915,7.84490755736432e-08
"218","CHST15",0.00121623025594452,1.98886918302011e-11
"219","CHUK",0.000157869786479536,5.23642703516965e-07
"220","CIRBP",0.0104009745288866,4.52866622421873e-05
"221","CISD2",0.0160159251525397,4.73771818043425e-06
"222","CKLF",0.00153569031924657,8.16053649310302e-09
"223","CKLF",0.00474273958330173,8.16053649310302e-09
"224","CLEC4C",0.0300725704632733,2.39679066885917e-06
"225","CLEC4C",0.000881879309865977,2.39679066885917e-06
"226","CLEC4D",0.00889859262566673,1.31596137667396e-08
"227","CLEC4E",0.0109037055510369,1.67295388212326e-15
"228","CLIP1",0.0134456505965594,1.55915380850308e-06
"229","CLIP1",0.947194184737563,1.55915380850308e-06
"230","CLIP1",0.372673927067794,1.55915380850308e-06
"231","CLN5",0.0380119536836755,1.14956489455471e-06
"232","CMTM2",8.18759265785703e-06,8.33783062917775e-08
"233","CNPY4",0.0428876984096408,0.000942980183817307
"234","COG8",0.000741444918200643,0.0105186150910814
"235","COQ5",0.0482090307433337,0.0428730150422406
"236","CORO1C",0.0499611609026445,9.38369665772704e-10
"237","COTL1",0.0302724479178946,3.12379714739856e-07
"238","CPD",0.00641373141095715,1.93496684763701e-12
"239","CPEB2",0.0312180599795416,1.65344066818916e-08
"240","CPEB2",0.702810211173188,1.65344066818916e-08
"241","CPQ",0.00509733972387947,5.42124732375421e-10
"242","CPQ",0.0154117795390509,5.42124732375421e-10
"243","CR1",0.0504734435155963,3.70891402761538e-07
"244","CR1",0.00498343122770846,3.70891402761538e-07
"245","CR1",0.0271259688744869,3.70891402761538e-07
"246","CR1",0.105254090321202,3.70891402761538e-07
"247","CREB5",0.00426862885716634,7.11255870793643e-07
"248","CREB5",0.00457631109769812,7.11255870793643e-07
"249","CREBBP",0.0489247991302158,2.66262539190737e-08
"250","CREBBP",0.950412090739934,2.66262539190737e-08
"251","CREBZF",0.00786599612001895,9.6760269167283e-08
"252","CRISPLD2",1.2606782733128e-08,8.06194884405745e-17
"253","CRK",0.00370419489225899,1.96752306723979e-10
"254","CRK",0.00886917979906037,1.96752306723979e-10
"255","CRK",0.181857399989335,1.96752306723979e-10
"256","CSAD",0.237383615318224,3.27714335079608e-08
"257","CSAD",0.0383659597386181,3.27714335079608e-08
"258","CSF2RA",0.362730856216271,1.24415494390583e-05
"259","CSF2RA",0.00953859959671274,1.24415494390583e-05
"260","CSF2RA",0.0174205734639087,1.24415494390583e-05
"261","CSF3R",0.0164759659863972,7.40729867219361e-09
"262","CSF3R",0.0156854928277345,7.40729867219361e-09
"263","CSNK1D",0.316228557077886,1.54708064839551e-06
"264","CSNK1D",0.00562103893236269,1.54708064839551e-06
"265","CSNK1E",0.933883453129104,1.87669920836868e-05
"266","CSNK1E",0.399646674586917,1.87669920836868e-05
"267","CSNK1E",6.99036045743531e-05,1.87669920836868e-05
"268","CSTA",0.0126025448653833,7.48648872970209e-07
"269","CSTF2T",0.0256596631110706,0.0240344409270465
"270","CSTF3",0.736502876887793,0.000635295999422933
"271","CSTF3",0.837833620361791,0.000635295999422933
"272","CSTF3",0.208268333589014,0.000635295999422933
"273","CSTF3",0.0342015868098377,0.000635295999422933
"274","CTBP2",0.0866261941884702,3.00546943424654e-11
"275","CTBP2",0.00247110408785476,3.00546943424654e-11
"276","CTLA4",0.0151059527369564,0.0193293789610883
"277","CTLA4",0.425556489473262,0.0193293789610883
"278","CTLA4",0.685636537154177,0.0193293789610883
"279","CTNNAL1",0.195991402133181,2.85111272640457e-09
"280","CTNNAL1",0.0172276748195037,2.85111272640457e-09
"281","CTSS",0.0127964522627795,0.000483103475062207
"282","CXCR1",0.00193638790676729,1.093855097065e-08
"283","CXCR2",0.0116915867277705,8.78305436486823e-10
"284","CYB5R1",0.0370960038751596,0.000312864222205287
"285","CYBRD1",0.00236649117871763,5.98984763709691e-08
"286","CYBRD1",0.0111603737604019,5.98984763709691e-08
"287","CYCS",0.495043835245712,0.0100000656916331
"288","CYCS",0.0132242567996707,0.0100000656916331
"289","CYFIP1",0.131201521725496,0.0372590021385783
"290","CYFIP1",0.720680876821741,0.0372590021385783
"291","CYFIP1",0.00444395290736649,0.0372590021385783
"292","CYFIP2",0.00223470457047931,1.34729802984016e-05
"293","CYFIP2",0.246365293105164,1.34729802984016e-05
"294","CYTH2",0.00610839033881694,0.000866936189711669
"295","CYTH2",0.797048578388969,0.000866936189711669
"296","DAAM1",0.209090624275747,0.0481992207227855
"297","DAAM1",0.0325957323659353,0.0481992207227855
"298","DAPK2",0.00182174975759243,6.25071990922185e-08
"299","DCAF6",0.194286392372841,1.71387147054607e-08
"300","DCAF6",0.0399064959462593,1.71387147054607e-08
"301","DCAF6",0.138012091815238,1.71387147054607e-08
"302","DCAF6",0.0112367700611321,1.71387147054607e-08
"303","DDHD2",0.0308286665633194,1.1466134514555e-06
"304","DDHD2",0.566804323180398,1.1466134514555e-06
"305","DDIT4",4.22270338448778e-09,7.13565143656806e-21
"306","DDX39A",0.00718338893444408,0.0326500652572272
"307","DDX47",0.0130023275778169,0.00657988256916597
"308","DDX47",0.472830819199026,0.00657988256916597
"309","DDX54",0.0185792952886215,3.31103298663031e-05
"310","DDX55",0.0429136128062544,0.000386102383229521
"311","DEF8",0.808964349620032,5.35057774859959e-05
"312","DEF8",0.838294188891959,5.35057774859959e-05
"313","DEF8",0.0087538227889965,5.35057774859959e-05
"314","DEGS1",0.00756878753196176,0.00467108100810518
"315","DEGS1",0.567450765300836,0.00467108100810518
"316","DENND3",0.00380775022716135,1.09912155340532e-07
"317","DET1",0.00215920640484835,3.1298816871732e-06
"318","DET1",0.0107336954325733,3.1298816871732e-06
"319","DGAT2",0.00145684344883372,3.11212164890041e-06
"320","DHRS9",0.00747838101806725,1.87966765662967e-05
"321","DHRS9",0.0512609924876997,1.87966765662967e-05
"322","DHRS9",0.0285933275970427,1.87966765662967e-05
"323","DHRS9",0.473085248586833,1.87966765662967e-05
"324","DHX33",0.0303982059996188,0.00586814506698012
"325","DHX40",0.269044690814767,0.00100545740873705
"326","DHX40",0.00548677877472765,0.00100545740873705
"327","DHX40",0.065138935362059,0.00100545740873705
"328","DICER1",0.243655383352549,5.00498157472717e-09
"329","DICER1",0.797142390144875,5.00498157472717e-09
"330","DICER1",0.0478839652074613,5.00498157472717e-09
"331","DICER1",0.903357150515373,5.00498157472717e-09
"332","DMTN",0.0184390114302997,9.37340707459447e-06
"333","DNAJB12",0.0337783607415513,2.64081087050856e-06
"334","DNAJB12",0.341121400646257,2.64081087050856e-06
"335","DNAJB12",0.533952733223092,2.64081087050856e-06
"336","DNAJB12",0.124477746691149,2.64081087050856e-06
"337","DNAJB6",0.179220156321434,6.40648448465608e-15
"338","DNAJB6",0.0376570669695772,6.40648448465608e-15
"339","DNAJB6",0.500732971728952,6.40648448465608e-15
"340","DNAJC10",0.00600281189117849,1.71963293640906e-06
"341","DNAJC10",0.356797224219626,1.71963293640906e-06
"342","DNM3",0.0113237725149517,8.51814360725965e-08
"343","DNMT1",0.00605618989980639,0.000116985467693792
"344","DNPH1",0.0185813369133455,0.000198338994505678
"345","DOCK10",0.00186340123225848,6.2513034405751e-11
"346","DOCK5",0.000514021894511112,3.1764135065742e-10
"347","DPAGT1",0.00136225999742546,0.0395367839035645
"348","DPAGT1",0.273806832140389,0.0395367839035645
"349","DPEP2",0.0213803810531399,0.00857513346228098
"350","DPH3",0.0436848230240071,6.01064810485413e-07
"351","DPH3",0.0747398140967818,6.01064810485413e-07
"352","DPH3",0.121782704423783,6.01064810485413e-07
"353","DPH5",0.00644254461600328,0.00286698192511086
"354","DPH5",0.0607521623299761,0.00286698192511086
"355","DPP4",0.0318336513369331,7.66579330537591e-06
"356","DRAM1",0.00270679351310338,0.000309838527099783
"357","DUSP1",0.0118150459002524,6.06849581166225e-16
"358","DYNLT1",0.00118266961796027,1.0737179937253e-06
"359","DYRK2",0.0651257080070936,4.8353753513689e-09
"360","DYRK2",0.004707772491426,4.8353753513689e-09
"361","DYRK2",0.187842262938468,4.8353753513689e-09
"362","DYRK2",0.0359376691480817,4.8353753513689e-09
"363","DYSF",0.000771295183662057,1.85037127790083e-06
"364","EBF1",0.0263460599871944,3.59060477911862e-05
"365","ECE1",0.0468924235074174,4.02332526048159e-08
"366","ECHDC2",0.0129441787850455,0.000577158011759666
"367","EEF1B2",0.0749638399393199,5.96228124294929e-05
"368","EEF1B2",0.713411161092354,5.96228124294929e-05
"369","EEF1B2",0.472423113145536,5.96228124294929e-05
"370","EEF1B2",0.0185337008741833,5.96228124294929e-05
"371","EEF1B2",0.0990359581827938,5.96228124294929e-05
"372","EEF2",0.0283479869928616,0.044147098097922
"373","EGLN1",0.8141095761785,5.07501351779987e-07
"374","EGLN1",0.000673172600069074,5.07501351779987e-07
"375","EIF3F",0.0490818714231462,0.00012810365418686
"376","EIF3F",0.06065464086924,0.00012810365418686
"377","ELP2",0.0266666502048711,6.90362845784718e-08
"378","EMG1",0.0270709367623561,2.20921281712699e-05
"379","ENTPD1",0.0453179719901453,7.81767497614803e-08
"380","EPB42",0.0214704800474409,0.00341889129654941
"381","EPHA4",0.00124004831889537,7.75104992199762e-09
"382","ESYT1",0.0108832293632641,6.34194237124484e-10
"383","ESYT2",0.00197173449422207,8.1901666673074e-07
"384","EVI2B",0.282538646081432,0.000164970449023651
"385","EVI2B",0.0413079733182798,0.000164970449023651
"386","EVL",0.00130111659948025,9.31244931160405e-09
"387","EXOC6",0.549756975029126,9.10599521585204e-11
"388","EXOC6",0.00245616730634571,9.10599521585204e-11
"389","F2R",0.399797863939828,2.71836367344089e-09
"390","F2R",0.00946478347396186,2.71836367344089e-09
"391","F5",0.00746898761967703,0.00211008527118463
"392","FAM131A",0.00151635714395332,5.90961656511928e-06
"393","FAM174A",0.00653569717386608,1.3567666546395e-05
"394","FAM174A",0.482217857457236,1.3567666546395e-05
"395","FAM177A1",0.126450145319239,0.00295407657095177
"396","FAM177A1",0.253305163947881,0.00295407657095177
"397","FAM177A1",0.0314266888417025,0.00295407657095177
"398","FAM210B",0.0315816634442096,1.4590851714573e-08
"399","FAM3C",0.386360999450441,2.87086888274138e-10
"400","FAM3C",0.0147767877641981,2.87086888274138e-10
"401","FAM91A1",0.312934148718854,1.70501464240216e-06
"402","FAM91A1",0.00148500351824068,1.70501464240216e-06
"403","FAR2",0.0452098931908122,1.59132107944074e-07
"404","FAR2",0.0164089334685317,1.59132107944074e-07
"405","FARS2",0.0301687178136214,9.19111226285282e-07
"406","FBL",0.0131778526882688,0.000296719853045053
"407","FBXL12",0.0447056476210505,6.4446173477186e-05
"408","FBXL5",0.15393831220727,6.13409704286139e-07
"409","FBXL5",0.0361000558255482,6.13409704286139e-07
"410","FBXO21",0.334538403996233,2.05472723065642e-08
"411","FBXO21",0.0152502541752418,2.05472723065642e-08
"412","FCGR2A",0.0137311527181988,1.98322033515709e-07
"413","FCGR2A",0.156791995166627,1.98322033515709e-07
"414","FCGR2A",0.168527448299017,1.98322033515709e-07
"415","FCGR3B",0.000292549196984571,7.98558528844617e-09
"416","FCGR3B",0.142739935369257,7.98558528844617e-09
"417","FCHO2",0.0135594673074654,1.94606993722541e-10
"418","FCRL3",0.699166697622256,5.52146688421601e-06
"419","FCRL3",0.0309741893262996,5.52146688421601e-06
"420","FEZ1",0.00920611233162263,0.0143562572849805
"421","FEZ1",0.752594483644727,0.0143562572849805
"422","FGR",0.192056816672256,3.23126283482373e-09
"423","FGR",0.0369453891900286,3.23126283482373e-09
"424","FH",0.0188011108660092,0.00247449947849685
"425","FHIT",0.00233786250631812,1.45587481352018e-06
"426","FKBP4",0.0188060820194138,2.15427362346999e-07
"427","FKBP5",2.10487231290249e-07,7.90370296165198e-17
"428","FLI1",0.0253675850504477,2.11316946931892e-10
"429","FLOT1",0.00031062949437096,9.19284385062952e-06
"430","FLT3LG",0.000242582204012997,2.90861035895792e-12
"431","FOXP1",0.4462281887137,7.56201578766132e-10
"432","FOXP1",0.0141872133487135,7.56201578766132e-10
"433","FOXP1",0.940911464451271,7.56201578766132e-10
"434","FOXP1",0.646201978581055,7.56201578766132e-10
"435","FPR1",0.00681015245466023,1.04917097453712e-08
"436","FRAT1",0.0242914218383385,4.61366925220234e-09
"437","FRAT1",0.00327552497047077,4.61366925220234e-09
"438","FRAT2",0.00181742693621494,3.38894043292468e-07
"439","FRMD3",0.0332060887433311,0.00101095006095912
"440","FTL",0.131909619577799,1.62286905096356e-09
"441","FTL",0.0417978495116111,1.62286905096356e-09
"442","FTO",0.011099947010841,7.48559037605811e-05
"443","FXYD5",0.0530068468074788,8.14318951746952e-06
"444","FXYD5",0.0335709925447925,8.14318951746952e-06
"445","FXYD5",0.878325552161375,8.14318951746952e-06
"446","G6PD",0.0138676137255262,1.65380009628923e-08
"447","G6PD",0.600292032920825,1.65380009628923e-08
"448","GAB3",0.00416899134032554,5.90489518450735e-10
"449","GABARAPL1",0.00175116151143213,1.77960508122964e-14
"450","GADD45B",0.00343343507871707,0.0429685953864829
"451","GALNT10",0.0101407953219402,2.16157499048842e-07
"452","GALT",0.0194027576093886,1.06561109343997e-09
"453","GALT",0.0862508611135002,1.06561109343997e-09
"454","GAS2L1",0.0069872653357988,0.0370636911178881
"455","GCA",0.00879501778807832,7.28309475515405e-08
"456","GGA1",0.295682606088504,0.0490539730573559
"457","GGA1",0.511754761566714,0.0490539730573559
"458","GGA1",0.0449331795034795,0.0490539730573559
"459","GGA1",0.000679767957800634,0.0490539730573559
"460","GGA2",0.0258539702271749,1.78896886741318e-09
"461","GIMAP1",0.021108335749501,5.0169093919028e-09
"462","GIMAP7",0.64244220503026,2.1979004613963e-11
"463","GIMAP7",0.0271826090055981,2.1979004613963e-11
"464","GLIPR2",0.0159211143145457,1.74937341892621e-07
"465","GLUL",0.191223268986754,1.19053760058296e-09
"466","GLUL",0.0316336037384238,1.19053760058296e-09
"467","GLUL",0.874588426058847,1.19053760058296e-09
"468","GPAA1",0.0184088089586449,0.0104566209127924
"469","GPR108",0.0284274071942081,0.000139773856852703
"470","GPR18",0.000791708770829451,1.39642454090454e-09
"471","GPR27",0.00994656228365485,8.54103243739491e-08
"472","GTPBP10",0.581238226370096,0.00125816967439235
"473","GTPBP10",0.0456220922860301,0.00125816967439235
"474","GTPBP3",0.0406537190704502,1.84288893107377e-06
"475","GTPBP3",0.317931540229471,1.84288893107377e-06
"476","GTPBP6",0.00238402135628517,7.21963526710712e-06
"477","GZMB",0.00261605284666885,1.93258663200078e-08
"478","HAL",4.28237421744488e-05,6.16236626774074e-14
"479","HAL",0.00207779456275057,6.16236626774074e-14
"480","HAPLN3",0.044473222220224,3.65591606749991e-10
"481","HAUS2",0.0296690295607295,0.0477652858927102
"482","HBP1",0.0516195228472932,1.12613801739571e-07
"483","HBP1",0.0194151558447376,1.12613801739571e-07
"484","HCG27",0.0382152331626892,2.56649670413057e-10
"485","HDDC2",0.0450886845124879,0.0383334950407233
"486","HECW2",0.0406147973874388,9.1534925779933e-13
"487","HIPK3",0.124369848176822,6.22106456024562e-07
"488","HIPK3",0.00245080472117662,6.22106456024562e-07
"489","HK2",0.0228856612867712,0.000947498732672867
"490","HK2",0.826290894023287,0.000947498732672867
"491","HLX",0.470800320695702,1.1775395200358e-05
"492","HLX",0.0113660302303273,1.1775395200358e-05
"493","HMGA1",0.0231089238195583,0.0185386276533349
"494","HMGA1",0.00234557409866834,0.0185386276533349
"495","HMGA1",0.246751458646427,0.0185386276533349
"496","HMGB2",0.140695886265193,0.000175423722843302
"497","HMGB2",0.0218570732898847,0.000175423722843302
"498","HMGCR",0.0155873049016795,4.29807894677337e-07
"499","HNRNPA1",0.400952473083849,2.90051644502215e-08
"500","HNRNPA1",0.880624684117999,2.90051644502215e-08
"501","HNRNPA1",0.892069409932082,2.90051644502215e-08
"502","HNRNPA1",0.0463534037404528,2.90051644502215e-08
"503","HNRNPA1",0.359456510814179,2.90051644502215e-08
"504","HNRNPA1",0.572938594043699,2.90051644502215e-08
"505","HNRNPA1",0.177016072207554,2.90051644502215e-08
"506","HNRNPA1",0.703887885799267,2.90051644502215e-08
"507","HNRNPA1",0.254068323880944,2.90051644502215e-08
"508","HNRNPA1",0.362704140614851,2.90051644502215e-08
"509","HNRNPDL",0.125775973626715,1.08409671609472e-11
"510","HNRNPDL",0.0102339311806862,1.08409671609472e-11
"511","HOMER3",0.0116948716405656,5.47224022408585e-05
"512","HP1BP3",0.0325841325409991,0.000822519360828839
"513","HPSE",0.00137208741264553,1.88932391874966e-07
"514","HPSE",0.447045915444263,1.88932391874966e-07
"515","HSDL2",0.0159205048603599,3.28153897734892e-10
"516","HSH2D",0.00180194114340775,3.03027830063866e-07
"517","HSP90AB1",0.0296706950196315,1.46548146169743e-05
"518","HSPA1A",0.0484782469055815,1.16136992078124e-07
"519","HSPA6",0.00764349317773695,1.77681675103495e-08
"520","HSPA6",0.0181433048253303,1.77681675103495e-08
"521","HSPH1",0.0461298535476474,1.37563168497835e-08
"522","ICAM2",0.0323692116986966,3.82630292006431e-05
"523","ICAM3",0.0027288360578235,2.54658466666152e-09
"524","IDNK",0.0127546068136973,0.000152628561375152
"525","IDS",0.523320258740225,4.42789827489641e-08
"526","IDS",0.0701428218571802,4.42789827489641e-08
"527","IDS",0.0283448136767487,4.42789827489641e-08
"528","IER3",2.38088897769421e-05,8.94366871898165e-09
"529","IFITM2",0.000884025977454668,0.000190136570848167
"530","IFNAR1",0.0132827653755938,9.06405562508467e-07
"531","IFNGR2",0.00928800648397796,3.5504890112966e-08
"532","IFRD1",0.00213629837025128,5.15328135514791e-10
"533","IFRD1",0.0588596582583438,5.15328135514791e-10
"534","IFT27",0.00968638194562792,0.0296461338823878
"535","IGF2R",0.000178741065427407,4.55848601818924e-12
"536","IKBIP",0.000316568514473034,4.2748275670064e-10
"537","IKBIP",0.0343600307423014,4.2748275670064e-10
"538","IKBIP",0.00719826952244242,4.2748275670064e-10
"539","IL13RA1",0.00120805367745996,2.28314376933026e-13
"540","IL15",0.0527058165499661,0.0359046724275842
"541","IL15",0.964143196941572,0.0359046724275842
"542","IL15",0.00247359397817781,0.0359046724275842
"543","IL18R1",0.000394439205657908,6.04382400438731e-09
"544","IL1B",0.0357432439491566,2.76634856656354e-08
"545","IL1R2",1.47171183021464e-05,5.39177662771762e-13
"546","IL1R2",0.00740758573801979,5.39177662771762e-13
"547","IL1RAP",0.156713396217939,2.09733176556688e-10
"548","IL1RAP",0.0335001418167867,2.09733176556688e-10
"549","IL1RN",0.232464305965484,0.00821977968579869
"550","IL1RN",0.00748064822880153,0.00821977968579869
"551","IL6R",0.0117063759134406,1.05621637339631e-09
"552","IL6R",0.114310391296732,1.05621637339631e-09
"553","IMP3",0.00186567689190967,0.000734733045516105
"554","ING5",0.8878980546521,1.73890240809192e-05
"555","ING5",0.552618651843467,1.73890240809192e-05
"556","ING5",0.125535954904503,1.73890240809192e-05
"557","ING5",0.031803482220209,1.73890240809192e-05
"558","ING5",0.00537805556291782,1.73890240809192e-05
"559","IPO9",0.0237231009890518,0.000174815337971076
"560","IQSEC1",0.00833325377131675,1.13883276808911e-06
"561","IRAK3",4.69903098631843e-06,2.83270614298869e-09
"562","IRAK3",0.00381528442214336,2.83270614298869e-09
"563","IRF2",0.420082981013298,5.58103245820204e-07
"564","IRF2",0.0267334287684627,5.58103245820204e-07
"565","IRF2BP2",0.887913873708741,2.05830865485177e-05
"566","IRF2BP2",0.00337929434940351,2.05830865485177e-05
"567","IRS2",0.0025128738485092,7.49797612711928e-12
"568","ISY1",0.00373009773690828,0.0150829955780264
"569","ISY1",0.0373744462398584,0.0150829955780264
"570","ISY1",0.832102008636977,0.0150829955780264
"571","ITGAM",0.00952032251110402,1.67276255835183e-06
"572","ITGB7",0.0369033778008099,1.91613421679108e-10
"573","ITK",0.000929467225774442,1.98338014352084e-11
"574","ITM2A",0.884579320294471,7.48286883914512e-10
"575","ITM2A",0.0336215002605979,7.48286883914512e-10
"576","ITPKB",0.0305441166130418,1.58357795467813e-06
"577","ITPRIP",0.0478821467890645,6.82682665627931e-09
"578","IVNS1ABP",0.208876985128893,3.40535328602221e-11
"579","IVNS1ABP",0.0018754733322428,3.40535328602221e-11
"580","JARID2",0.00209651574034744,1.45007667650923e-07
"581","JUNB",0.00719024740879644,1.91285082670724e-05
"582","KAT2A",0.0401310257762181,2.31027091772061e-06
"583","KCNJ15",0.385368089328076,2.00921533299217e-08
"584","KCNJ15",0.00089484059113141,2.00921533299217e-08
"585","KCNJ15",0.000447750159958806,2.00921533299217e-08
"586","KCTD15",0.0349709769844626,0.0426133245105874
"587","KDM5B",0.0483089292122875,0.000161415226224143
"588","KDSR",0.00504276855704268,3.15404506311397e-06
"589","KDSR",0.268366021812559,3.15404506311397e-06
"590","KIAA0319L",0.021337524057157,2.78021931525004e-05
"591","KIAA0319L",0.0303949412957008,2.78021931525004e-05
"592","KIR2DL4",0.041659021528991,0.000192750155088947
"593","KIR2DL4",0.0261062228117544,0.000192750155088947
"594","KLF10",0.00720768449161199,0.0203497212022604
"595","KLF10",0.669923375032001,0.0203497212022604
"596","KLF10",0.0205202744722509,0.0203497212022604
"597","KLF12",0.0226010020070396,1.56169193209276e-10
"598","KLF12",0.863085004134141,1.56169193209276e-10
"599","KLF4",0.00602667102889197,0.00217035983968894
"600","KLF9",2.00331809399178e-05,7.46006348216179e-09
"601","KLHL2",0.0126972166255805,7.06042160619099e-10
"602","KLHL8",0.00011381072877156,8.46516662296995e-09
"603","KLHL8",0.320405011476689,8.46516662296995e-09
"604","LAIR1",0.116700796011893,7.27483495087045e-06
"605","LAIR1",0.00618350537595554,7.27483495087045e-06
"606","LAMP2",0.107464165603733,1.57036493604905e-08
"607","LAMP2",0.182163780731422,1.57036493604905e-08
"608","LAMP2",0.000135021525400466,1.57036493604905e-08
"609","LAMP2",0.12717520151129,1.57036493604905e-08
"610","LAMP2",0.00208444656467483,1.57036493604905e-08
"611","LAMP2",0.00381845944390233,1.57036493604905e-08
"612","LAMTOR3",0.00480521848678037,3.00750320776253e-06
"613","LAMTOR4",0.0037615762478653,6.23131664064062e-05
"614","LAT",0.00249080764411702,1.38920264778101e-08
"615","LAT",0.253179483586309,1.38920264778101e-08
"616","LAT",0.694798698501434,1.38920264778101e-08
"617","LAT2",0.00700882555801832,1.57398089824521e-06
"618","LAT2",0.00226651326313735,1.57398089824521e-06
"619","LAT2",0.055186298935169,1.57398089824521e-06
"620","LBH",0.00639214907730593,0.0121959250372807
"621","LBH",0.273959376104151,0.0121959250372807
"622","LBH",0.034578108372014,0.0121959250372807
"623","LBH",0.950657448315625,0.0121959250372807
"624","LBR",0.0182088556098614,1.57065811311511e-09
"625","LBR",0.0166019857032794,1.57065811311511e-09
"626","LCK",0.0372027815220697,1.18389268038266e-09
"627","LCK",0.161067027735106,1.18389268038266e-09
"628","LCK",0.22167160558423,1.18389268038266e-09
"629","LCOR",0.0215368713140111,3.52395001541751e-06
"630","LCOR",0.36201343710794,3.52395001541751e-06
"631","LCOR",0.942883884511378,3.52395001541751e-06
"632","LCP1",0.0477814378405994,6.36160325130895e-07
"633","LDHB",0.0469723296429038,9.78756488520039e-10
"634","LDLR",0.0228182729158307,0.000310096836788441
"635","LEF1",0.00729826512652443,6.76128629528448e-14
"636","LEF1",0.0155936050403908,6.76128629528448e-14
"637","LGALSL",0.0248166082347671,5.45416208682978e-10
"638","LILRA2",0.0328979118999326,8.8832366449736e-11
"639","LILRB2",0.00276113742655105,7.45501164467073e-07
"640","LILRB2",0.022469152038607,7.45501164467073e-07
"641","LILRB3",0.413523580031281,2.41707236974836e-08
"642","LILRB3",0.0182768084593313,2.41707236974836e-08
"643","LIME1",0.0316321370758567,0.00328165323422277
"644","LIMK2",0.00486145974065665,1.4781853155322e-06
"645","LIMK2",0.000981094766391345,1.4781853155322e-06
"646","LIMK2",0.414698161825847,1.4781853155322e-06
"647","LIMK2",0.00825002436480777,1.4781853155322e-06
"648","LIN7A",0.0012915009782209,6.57263567454999e-07
"649","LINC00324",0.0489908698891015,0.0269620727775195
"650","LINC01002",0.0336194140812278,0.0363025636979126
"651","LINC01002",0.225822041293342,0.0363025636979126
"652","LITAF",0.000974994143463197,7.89894846140982e-11
"653","LMNB1",0.00242762649882396,8.31105303091186e-05
"654","LMO4",0.0167512057663316,1.92212914403022e-05
"655","LMO4",0.360346217010929,1.92212914403022e-05
"656","LPCAT2",0.0292701176577281,1.4890485770943e-05
"657","LRG1",6.70625816883939e-06,1.01579649255242e-08
"658","LRP8",0.000704075615607597,0.000498006848755277
"659","LRRK2",0.00135322250033332,8.53454747258105e-09
"660","LRRK2",0.00237645750523252,8.53454747258105e-09
"661","LRRN3",0.055637056239474,6.09248111333545e-10
"662","LRRN3",0.0370321648810399,6.09248111333545e-10
"663","LTB",8.24873769611165e-05,2.65922664763833e-12
"664","LTB",0.00123878901965438,2.65922664763833e-12
"665","LY9",0.00362418850024479,2.14077352160412e-10
"666","LY9",0.00822129208728973,2.14077352160412e-10
"667","LY9",0.975812028253716,2.14077352160412e-10
"668","LY96",0.0450587885429979,4.96863766563727e-06
"669","MAEA",0.0357840700286621,6.89424644953613e-07
"670","MAEA",0.472388965744834,6.89424644953613e-07
"671","MAEA",0.0127130409895156,6.89424644953613e-07
"672","MAK16",0.0345419061763317,4.82382544247327e-05
"673","MAL",0.00168511587478736,1.12928509141634e-11
"674","MAL",0.00168876314902787,1.12928509141634e-11
"675","MALT1",0.0109169286382174,4.18812143690042e-10
"676","MAN1C1",0.0412168643561202,8.36576042622966e-09
"677","MANEA",0.319545956369648,7.56275504370643e-05
"678","MANEA",0.0393013016321994,7.56275504370643e-05
"679","MANEA",0.102610668497848,7.56275504370643e-05
"680","MANSC1",0.0161658035653527,4.96036305925124e-07
"681","MANSC1",0.0060149627388615,4.96036305925124e-07
"682","MAP1LC3B",0.0387686122315543,1.97566022299899e-10
"683","MAP2K3",0.420417319367767,9.84922484941429e-07
"684","MAP2K3",0.0777810558011766,9.84922484941429e-07
"685","MAP2K3",0.565843715892131,9.84922484941429e-07
"686","MAP2K3",0.508293714487734,9.84922484941429e-07
"687","MAP2K3",0.0431742915381386,9.84922484941429e-07
"688","MAP2K7",0.00904984340780679,0.00270469794937195
"689","MAP3K5",0.039947555620863,1.26450758943147e-08
"690","MAP4K5",0.0367766988096844,6.93496701061206e-07
"691","MAP4K5",0.436678787834644,6.93496701061206e-07
"692","MAPK1",0.00550612310532551,1.38162716317024e-09
"693","MAPK1",0.256468392690584,1.38162716317024e-09
"694","MAPK1",0.209185931858718,1.38162716317024e-09
"695","MARS2",0.0399860374131327,3.50410669667127e-05
"696","MARS2",0.470060880015696,3.50410669667127e-05
"697","MATR3",0.0154085606671716,1.83171886369237e-06
"698","MATR3",0.626138606955015,1.83171886369237e-06
"699","MATR3",0.671945616881136,1.83171886369237e-06
"700","MBD6",0.0300703649922271,2.06315211546225e-05
"701","MBNL3",0.0568790337782208,3.00874040779885e-09
"702","MBNL3",0.9116666041782,3.00874040779885e-09
"703","MBNL3",0.327187242064295,3.00874040779885e-09
"704","MBNL3",0.879276044226453,3.00874040779885e-09
"705","MBNL3",0.044425087319487,3.00874040779885e-09
"706","MBOAT7",0.0417858918739652,1.24222948333318e-08
"707","MCCC2",0.0203051877381371,3.6881786495729e-06
"708","MCM3",0.0538697212962896,0.0445813342011801
"709","MCM3",0.0175588594988819,0.0445813342011801
"710","MCTP2",0.0383118058088141,1.1863652957433e-07
"711","MDH2",0.0242672690595047,0.0226082540768186
"712","MED17",0.00674334748217271,0.0183754056568107
"713","MEFV",0.555882654299811,3.59103687909039e-08
"714","MEFV",0.0229166606514004,3.59103687909039e-08
"715","MEGF9",0.00210225647957971,9.42954258217061e-13
"716","MEGF9",0.122026905314203,9.42954258217061e-13
"717","METTL16",0.0418206756278964,2.32887012834176e-08
"718","METTL23",0.0294449995708266,0.000174498831438934
"719","METTL23",0.243713896441893,0.000174498831438934
"720","METTL23",0.278446030446177,0.000174498831438934
"721","METTL23",0.608139283389172,0.000174498831438934
"722","MGAM",0.00638571579795085,1.33279257185463e-11
"723","MGAM",0.000433887590383805,1.33279257185463e-11
"724","MGST1",0.0803595030904079,1.65498867014816e-05
"725","MGST1",0.010153462215906,1.65498867014816e-05
"726","MGST1",0.256106560151175,1.65498867014816e-05
"727","MIDN",0.0110428747368583,2.76876303128986e-08
"728","MIEF1",0.0225631960684345,0.0018105377278465
"729","MIER1",0.0250988540656721,0.00286354817964482
"730","MLF2",0.0214844362617316,1.62589053307471e-06
"731","MLH3",0.551113318193764,0.00173348017987281
"732","MLH3",0.00238207651840582,0.00173348017987281
"733","MME",1.4918804765436e-06,1.50605263097076e-08
"734","MME",0.686008617225162,1.50605263097076e-08
"735","MME",0.0976256733393464,1.50605263097076e-08
"736","MMP25",0.0270502067690647,1.51041545107699e-08
"737","MMP9",0.000134990560527834,0.00024294729722627
"738","MORC2",0.00138193973025746,3.6832682873387e-11
"739","MOSPD2",0.01236898776036,3.99871849928225e-06
"740","MOSPD2",0.186493214926242,3.99871849928225e-06
"741","MPP1",0.0368710679484512,1.98074092304133e-08
"742","MPST",0.185448715642862,1.33069515392088e-06
"743","MPST",0.0274365637503458,1.33069515392088e-06
"744","MPST",0.775824387623784,1.33069515392088e-06
"745","MPZL1",0.00698731295825179,4.69952960278565e-15
"746","MPZL1",0.0195420472847325,4.69952960278565e-15
"747","MRPL42",0.289174820008577,0.00510680578324687
"748","MRPL42",0.0322487946235087,0.00510680578324687
"749","MRPL52",0.138558162248232,0.0291768111605212
"750","MRPL52",0.00906994014943553,0.0291768111605212
"751","MRPL55",0.022111365170114,0.0411430230440969
"752","MRPL55",0.989984857728841,0.0411430230440969
"753","MRPL55",0.606150332441316,0.0411430230440969
"754","MRPS18B",0.00503888224700427,4.40859745365501e-06
"755","MRPS18B",0.024195825379454,4.40859745365501e-06
"756","MRRF",0.426201166705209,0.000339853797973114
"757","MRRF",0.00119711766948121,0.000339853797973114
"758","MRRF",0.276606087522968,0.000339853797973114
"759","MSMO1",0.0278067899128872,0.0231038596352857
"760","MSMO1",0.694938575223348,0.0231038596352857
"761","MSMO1",0.0472341018027194,0.0231038596352857
"762","MSRB1",3.74471944041347e-05,2.31376230485178e-07
"763","MSRB2",0.0109716700011136,6.91624148703123e-10
"764","MTAP",0.00790557679670603,0.000159597350597758
"765","MTHFS",0.00428402734117109,1.25001801813051e-06
"766","MTMR12",0.0306661458699129,0.0265619224014664
"767","MTMR12",0.415995204504524,0.0265619224014664
"768","MTMR12",0.360274760461924,0.0265619224014664
"769","MTMR3",0.0185467780376955,3.194314426383e-12
"770","MTMR3",0.410440947498788,3.194314426383e-12
"771","MTMR3",0.0235741067933944,3.194314426383e-12
"772","MTMR3",0.0139897167749772,3.194314426383e-12
"773","MTR",0.212332099272744,1.17106895498099e-09
"774","MTR",0.00731073481029969,1.17106895498099e-09
"775","MTX1",0.0831569749643835,1.60777838663127e-06
"776","MTX1",0.00459178027587279,1.60777838663127e-06
"777","MVP",0.418468515601132,0.000724062566706468
"778","MVP",0.0166805325714837,0.000724062566706468
"779","MX2",0.0354194266757638,0.000113723687461346
"780","MXD1",0.00218761343424959,6.762939204548e-10
"781","MYADM",0.256413000898682,1.28020808231966e-05
"782","MYADM",0.0197863975752564,1.28020808231966e-05
"783","MYO1F",0.00104460077957564,1.48413787122787e-09
"784","MYO5A",0.0174901224283916,0.00296063707982346
"785","MYO9A",0.0257324649936884,0.000112970762613117
"786","N4BP2L2",0.00120551109597278,0.0181566903452281
"787","N4BP2L2",0.439037818980612,0.0181566903452281
"788","NAA15",0.013071095623569,2.28310707202432e-06
"789","NAA35",0.000204162393666238,0.000138388531025528
"790","NAA35",0.685303135362367,0.000138388531025528
"791","NABP1",0.00695432807211668,2.25565785304305e-08
"792","NADK",0.00296696313365628,3.05353699666029e-10
"793","NAMPT",0.27725056866965,5.41553597447933e-07
"794","NAMPT",0.0113307090058601,5.41553597447933e-07
"795","NARF",0.0066963210122157,0.000356325614746416
"796","NAT10",0.0188107933788284,5.58982555623332e-08
"797","NBPF1",0.400366046768578,0.00319479469460236
"798","NBPF1",0.00539889237759571,0.00319479469460236
"799","NCF1",0.0584074092426019,2.06210470450741e-05
"800","NCF1",0.0259985741281223,2.06210470450741e-05
"801","NCF4",0.000722177559673926,1.18887385915858e-05
"802","NCF4",0.0147836363321852,1.18887385915858e-05
"803","NCF4",4.32401861197311e-05,1.18887385915858e-05
"804","NCOA4",0.00488185424690037,1.04581583564538e-07
"805","NDEL1",0.00387086993749777,1.99702830262843e-12
"806","NDEL1",0.0111598769864311,1.99702830262843e-12
"807","NDUFB8",0.0166239967790107,0.0100993389615543
"808","NDUFS3",0.0192235025020112,0.00445850750399419
"809","NEDD9",0.0873490235054434,3.61879094766916e-12
"810","NEDD9",0.00545293601689943,3.61879094766916e-12
"811","NEDD9",0.718857190929425,3.61879094766916e-12
"812","NEDD9",0.0938720062717871,3.61879094766916e-12
"813","NELL2",0.000289146266036887,2.43199234720534e-15
"814","NET1",0.0738983432045986,0.000656871507958392
"815","NET1",0.00373455797024295,0.000656871507958392
"816","NET1",0.447808691627037,0.000656871507958392
"817","NFIL3",1.63769982905059e-05,2.33972530116846e-09
"818","NFX1",0.76085895526741,1.4002237904118e-07
"819","NFX1",0.0996183060029328,1.4002237904118e-07
"820","NFX1",0.494922052099656,1.4002237904118e-07
"821","NFX1",0.00984405243958689,1.4002237904118e-07
"822","NHP2",0.283145305675846,0.0434996935278791
"823","NHP2",0.016180217008011,0.0434996935278791
"824","NIFK",0.00507093814541287,1.09854604891503e-05
"825","NIPBL",0.0486738903819933,1.47715838790928e-09
"826","NIPBL",0.599926491262906,1.47715838790928e-09
"827","NIT2",0.0353734958675361,5.48938949345547e-07
"828","NLRC4",0.0112773871243071,4.42138987131586e-08
"829","NLRP12",0.00321391278872367,7.16954795947937e-08
"830","NLRP12",0.154210223330613,7.16954795947937e-08
"831","NLRP12",0.000532795201505246,7.16954795947937e-08
"832","NME1",0.0234104440395495,0.0343336148203542
"833","NME1",0.633931020429284,0.0343336148203542
"834","NMT2",0.0283870724303378,1.23501084438967e-05
"835","NMT2",0.279140747805626,1.23501084438967e-05
"836","NOD2",0.0452582529672391,0.0395314408720936
"837","NOL11",0.00974488393245654,3.09300538380669e-07
"838","NOP10",0.0160738189127079,4.24309653942355e-08
"839","NOP2",0.141163641646971,3.29379853214483e-06
"840","NOP2",0.0194151716015986,3.29379853214483e-06
"841","NOSIP",0.0134026069071918,9.50055906673402e-09
"842","NOTCH1",0.00785137857986812,7.14682375032137e-07
"843","NPL",0.00937582389827666,2.07107853879091e-08
"844","NPL",0.107216945566224,2.07107853879091e-08
"845","NPM1",0.020543248887707,3.45011983894575e-07
"846","NPM1",0.139825776486729,3.45011983894575e-07
"847","NPM1",0.508304645227375,3.45011983894575e-07
"848","NPTN",0.379584004248508,5.07462312161481e-08
"849","NPTN",0.0335448471930707,5.07462312161481e-08
"850","NR1H2",0.0487933637634787,0.000545779490848238
"851","NRBF2",0.0342258811261437,8.37297806228563e-11
"852","NSMCE4A",0.0311166669108322,8.28845879271909e-05
"853","NT5C2",0.0164064702792955,9.59837431514128e-08
"854","NUAK2",6.61138145872157e-05,1.18389114277591e-05
"855","NUAK2",0.0126602513711223,1.18389114277591e-05
"856","NUCKS1",0.376116404401597,3.21545541907126e-11
"857","NUCKS1",0.00212480566992742,3.21545541907126e-11
"858","NUMB",0.00487619328805549,1.20070616709517e-08
"859","NUMB",0.025038825122769,1.20070616709517e-08
"860","NUP214",0.000112782973578787,0.000410329444341798
"861","NUP88",0.0324272724662411,4.62126442727806e-06
"862","OCIAD2",0.06447584883641,1.06718598523576e-08
"863","OCIAD2",0.000823539594040447,1.06718598523576e-08
"864","OGFRL1",0.0156546976553967,2.51476177476299e-07
"865","OGFRL1",0.0557926670396235,2.51476177476299e-07
"866","OLIG2",0.00315314697775758,0.0061840149857977
"867","OPA1",0.021781678164813,0.00242813563331825
"868","ORMDL1",0.818043737496375,8.49565118653261e-05
"869","ORMDL1",0.00930789406914477,8.49565118653261e-05
"870","OSBPL1A",0.084683540642442,0.0026355246429594
"871","OSBPL1A",0.119469316631415,0.0026355246429594
"872","OSBPL1A",0.0135600968122939,0.0026355246429594
"873","P2RY13",0.286524389126219,2.70321783792654e-10
"874","P2RY13",0.0257766627556836,2.70321783792654e-10
"875","PACS2",0.0184307984714494,6.91094370512143e-05
"876","PADI4",0.0114658913865005,0.00015375502489527
"877","PAICS",0.023920989724196,1.85827033525603e-05
"878","PAICS",0.223432005536919,1.85827033525603e-05
"879","PAK1",0.0375228741531847,2.6503186468842e-08
"880","PANX2",0.00236619920810952,9.98863516504322e-07
"881","PASK",0.00965664881098913,1.27337320153729e-10
"882","PASK",0.120847791948065,1.27337320153729e-10
"883","PBX2",0.0200972241242311,2.79917082582301e-05
"884","PCED1B",0.000696350846628716,5.49164589821892e-13
"885","PCSK7",0.00327131972129942,8.41787386310301e-06
"886","PCSK7",0.160657885051552,8.41787386310301e-06
"887","PDE4B",0.19829276498513,2.018502142026e-08
"888","PDE4B",0.0360134780443748,2.018502142026e-08
"889","PDIA5",0.0289972452131232,0.0412671083252386
"890","PDK3",0.0269257925086608,0.000276692608064662
"891","PDK3",0.16568042546094,0.000276692608064662
"892","PDK4",0.0003238062796238,0.0189558701680263
"893","PDS5B",0.0349505831252696,0.0159459407528046
"894","PDS5B",0.43132042340867,0.0159459407528046
"895","PEBP1",0.0330634475371979,9.80042361345155e-07
"896","PELI2",0.00629984658025819,3.79453078294948e-11
"897","PFAS",0.0322172133437374,8.2724678047921e-07
"898","PFDN5",0.000332558369626695,0.00122527094922601
"899","PFDN5",0.277685110234246,0.00122527094922601
"900","PFKFB4",0.00582243153174257,9.05656147195186e-12
"901","PFKP",0.0376639769165952,0.00374260015395141
"902","PGD",0.00815735144479912,1.51601538296441e-09
"903","PGK1",0.0434442440865118,0.00156631317233998
"904","PGK1",0.565060113922612,0.00156631317233998
"905","PGK1",0.889412055847781,0.00156631317233998
"906","PGRMC2",0.00966421372633783,0.00169294431717731
"907","PHC2",0.00854811148898928,4.03902426263619e-14
"908","PHF21A",0.00987951819537366,0.000249423326442788
"909","PICALM",0.0819263290972361,3.58936746307151e-12
"910","PICALM",0.0483952969758203,3.58936746307151e-12
"911","PIK3IP1",0.00130043111754486,1.12439805427828e-09
"912","PILRA",7.96876997537023e-05,5.92529527653666e-11
"913","PILRA",0.000312306424857795,5.92529527653666e-11
"914","PILRA",0.00861228323964239,5.92529527653666e-11
"915","PLA2G7",0.0303472050792657,0.0218522556932151
"916","PLAG1",0.214129630429356,3.20368371880688e-09
"917","PLAG1",0.0417908408865206,3.20368371880688e-09
"918","PLAUR",1.26289914028971e-05,2.63458429387212e-10
"919","PLAUR",0.000397740719497439,2.63458429387212e-10
"920","PLAUR",0.145742001660419,2.63458429387212e-10
"921","PLBD1",0.0428070112446573,4.27667735746806e-09
"922","PLCL1",0.778251519422447,0.0014284411558514
"923","PLCL1",0.0427955774208231,0.0014284411558514
"924","PLEKHG3",0.0360404858720464,1.80674424178901e-07
"925","PNPLA8",0.0328320343002756,4.5990040610816e-05
"926","PNPLA8",0.899629493032794,4.5990040610816e-05
"927","POGK",0.0275858709519185,0.000193019641169789
"928","POGLUT1",0.0253068031597814,0.0256229050254971
"929","POGLUT1",0.315345760534477,0.0256229050254971
"930","POLR1C",0.000477211785253042,3.07308399688264e-07
"931","POLR1C",0.00997200023653669,3.07308399688264e-07
"932","POR",0.0498422015638441,9.79488260706397e-10
"933","PPAT",0.00140979323354227,2.96650254803328e-05
"934","PPM1B",0.504312183291258,0.00992279772873866
"935","PPM1B",0.32748263143324,0.00992279772873866
"936","PPM1B",0.0240236834063507,0.00992279772873866
"937","PPM1B",0.985584989477271,0.00992279772873866
"938","PPM1B",0.0674361961667456,0.00992279772873866
"939","PPM1K",0.0233083588084267,0.0233956335182528
"940","PPM1K",0.187949914323366,0.0233956335182528
"941","PPP1R11",0.0205550109187054,0.0148416130561951
"942","PPP1R15A",0.0337043595926335,6.42151856452638e-07
"943","PPP1R3B",0.0132102231521933,6.65311026400618e-10
"944","PPP2R3C",0.247667840660174,2.18576875636152e-08
"945","PPP2R3C",0.0384637749941273,2.18576875636152e-08
"946","PRDX1",0.0016148095453297,0.00342836251040391
"947","PRDX1",0.0243826111589279,0.00342836251040391
"948","PRF1",0.00169750450185985,3.49596153796971e-07
"949","PROK2",0.00194075981208753,0.00835878028122307
"950","PRPS1",0.0035139003079523,2.38061389794121e-07
"951","PRR13",0.475969619153907,1.33965829926944e-05
"952","PRR13",0.444687879270825,1.33965829926944e-05
"953","PRR13",0.143423341477701,1.33965829926944e-05
"954","PRR13",0.0476420627075862,1.33965829926944e-05
"955","PRR13",0.967969887717657,1.33965829926944e-05
"956","PRRG4",8.58801133065799e-06,3.03763033008724e-08
"957","PRRG4",0.967495836458783,3.03763033008724e-08
"958","PRSS33",0.0296285206101893,1.11979559981954e-05
"959","PSD4",0.00574535663119702,1.62696216079517e-05
"960","PSTPIP2",0.00495143510086949,1.80656919246935e-08
"961","PTAFR",0.00199863960670306,1.9911591108864e-09
"962","PTDSS1",0.0425554800053294,0.00492684406010655
"963","PTEN",0.0798172850073224,4.96873127679643e-12
"964","PTEN",0.0436123839492642,4.96873127679643e-12
"965","PTGS2",0.0177664906763406,2.86870670092873e-11
"966","PTGS2",0.0286398459174484,2.86870670092873e-11
"967","PTPN12",0.418988706833272,4.54762996913714e-13
"968","PTPN12",0.0389934587729821,4.54762996913714e-13
"969","PTPN6",0.020506183042083,0.0133293916561071
"970","PTPN6",0.915341642430232,0.0133293916561071
"971","PTPN6",0.372299214610431,0.0133293916561071
"972","PTPRA",0.674306613610015,1.2277873218063e-06
"973","PTPRA",0.598511584839219,1.2277873218063e-06
"974","PTPRA",0.0481482074895351,1.2277873218063e-06
"975","PTPRA",0.637302541282586,1.2277873218063e-06
"976","PTPRJ",0.0245982196514996,2.47168424881336e-10
"977","PTPRO",0.0762430829223972,1.3241263897294e-06
"978","PTPRO",0.0258818318994035,1.3241263897294e-06
"979","PURA",0.182680192615352,4.31954789184959e-09
"980","PURA",0.0189589742532269,4.31954789184959e-09
"981","PXK",0.00450565666137011,0.000689012851780189
"982","PYGL",0.00952303578059315,8.10194042435122e-07
"983","PYROXD1",0.00476209763558507,2.16298607143597e-06
"984","QKI",0.525136589118424,4.01151819815063e-07
"985","QKI",0.00329418615785785,4.01151819815063e-07
"986","QKI",0.369786147048379,4.01151819815063e-07
"987","QPCT",0.313120547838055,8.86260027863366e-07
"988","QPCT",0.00122000345891661,8.86260027863366e-07
"989","QRICH1",0.684205965456903,0.00547201734553943
"990","QRICH1",0.0223917753192117,0.00547201734553943
"991","RAB11FIP1",0.0280918280528826,1.26325025144128e-11
"992","RAB11FIP1",0.0144025567195954,1.26325025144128e-11
"993","RAB1A",0.0310270212841608,3.16641376125262e-06
"994","RAB1B",0.031941043435709,3.00423540252481e-06
"995","RAB24",0.0062604838289651,4.30600059159987e-06
"996","RAB24",0.000169206766714897,4.30600059159987e-06
"997","RAB24",0.00381313905304672,4.30600059159987e-06
"998","RAB24",0.360860800251988,4.30600059159987e-06
"999","RAB27A",0.497120089188545,4.21711568142554e-07
"1000","RAB27A",0.212686879325008,4.21711568142554e-07
"1001","RAB27A",0.0284090961307433,4.21711568142554e-07
"1002","RAB3IP",0.0391439556939058,1.74526911099531e-06
"1003","RAB3IP",0.897089734884369,1.74526911099531e-06
"1004","RAB7A",0.0213830533277564,9.39291125415387e-08
"1005","RABGGTB",0.00799851779507,0.000435984184549288
"1006","RABGGTB",0.30175078982028,0.000435984184549288
"1007","RAF1",0.0129152030456354,3.16441145763552e-09
"1008","RALA",0.0392127738227946,1.2054650414677e-05
"1009","RALB",0.0253777524003407,1.42473849686895e-11
"1010","RANBP1",0.00680237715427888,0.00509727676165751
"1011","RANBP1",0.0917571733922617,0.00509727676165751
"1012","RANBP10",0.00125116101109498,0.00012965696882643
"1013","RASSF2",0.0441280172582367,8.64711874210301e-11
"1014","RASSF2",0.0894843785583483,8.64711874210301e-11
"1015","RBM12",0.182875555838083,0.0076392733452012
"1016","RBM12",0.0367610526394367,0.0076392733452012
"1017","RBM23",0.187852097891223,2.17368825160732e-09
"1018","RBM23",0.0243658729801098,2.17368825160732e-09
"1019","RBM28",0.0144078261180701,0.000398959997240084
"1020","RBM3",0.819617027641607,4.42299421536182e-07
"1021","RBM3",0.0127596904496117,4.42299421536182e-07
"1022","RBM47",0.0399591148860396,7.48814456965373e-07
"1023","RBMX",0.0754247240642722,0.000709077550045484
"1024","RBMX",0.0124242153079639,0.000709077550045484
"1025","RBMX",0.162312007335561,0.000709077550045484
"1026","RBP7",0.000119634144999591,1.38046511993578e-06
"1027","RCAN3",0.000135051745155409,6.8023611780085e-13
"1028","RCBTB2",0.0249372620746705,2.0806127611752e-05
"1029","RCBTB2",0.0347394805272471,2.0806127611752e-05
"1030","RCN2",0.0438631004955664,0.000535012953839316
"1031","REM2",0.0418153946757289,3.16527174633839e-08
"1032","REPS2",0.000409501154676065,2.15669446531002e-15
"1033","REPS2",2.22783822208248e-05,2.15669446531002e-15
"1034","REPS2",5.32822536018328e-05,2.15669446531002e-15
"1035","REPS2",0.28500867146589,2.15669446531002e-15
"1036","REPS2",8.07571590048239e-06,2.15669446531002e-15
"1037","RFFL",0.00642440610768334,1.03489135932413e-08
"1038","RFFL",0.297620397867941,1.03489135932413e-08
"1039","RFX1",0.0417136673536972,1.27299304042855e-05
"1040","RFX2",0.653566286600993,0.00102633844321274
"1041","RFX2",0.00408360753239876,0.00102633844321274
"1042","RGS19",0.0471105927345441,0.000363361537753912
"1043","RGS2",0.00842964530652986,3.49272415702126e-11
"1044","RHOB",0.00132918977250891,5.15193646837162e-08
"1045","RHOT1",0.0294790117787497,4.67205641345075e-09
"1046","RHOT1",0.242561215301521,4.67205641345075e-09
"1047","RHOT1",0.303072787166793,4.67205641345075e-09
"1048","RING1",0.0230023907828909,0.00607998170850536
"1049","RIOK1",0.671839753331882,0.00078884261867868
"1050","RIOK1",0.00210256211597181,0.00078884261867868
"1051","RNASEL",0.0177601386721364,3.06325591602777e-07
"1052","RNASEL",0.13519210511335,3.06325591602777e-07
"1053","RNF10",0.0199283807542131,3.94510300915488e-08
"1054","RNF11",0.886037220648233,3.22969242991475e-08
"1055","RNF11",0.0260010695964794,3.22969242991475e-08
"1056","RNF130",0.0137202088353143,4.24511029595186e-08
"1057","RNF14",0.424669915028979,0.000596267572675169
"1058","RNF14",0.0139143707883443,0.000596267572675169
"1059","RNF149",0.110121134270064,1.89214146816253e-09
"1060","RNF149",0.0368579847637715,1.89214146816253e-09
"1061","RNF19B",0.049719850588242,3.95952375934985e-08
"1062","RNF24",0.00296395975778107,3.38667331785613e-08
"1063","RNPEPL1",0.00492132705488991,0.0180422185470629
"1064","RNPS1",0.283900179599671,0.0425396871240341
"1065","RNPS1",0.0492871107587348,0.0425396871240341
"1066","RNPS1",0.128135413718674,0.0425396871240341
"1067","ROPN1L",0.000238260447419192,2.65436837420178e-05
"1068","RPGRIP1",0.000536018319474688,0.000424848503164304
"1069","RPL13",0.363335791185929,6.53681800985531e-06
"1070","RPL13",0.00843416418782179,6.53681800985531e-06
"1071","RPL13A",0.0454566161917728,2.15898003228958e-07
"1072","RPL13A",0.000247012573064802,2.15898003228958e-07
"1073","RPL13A",0.0103071940285913,2.15898003228958e-07
"1074","RPL14",0.710147359165354,4.54876468904295e-06
"1075","RPL14",0.0252639375702759,4.54876468904295e-06
"1076","RPL14",0.132141602309072,4.54876468904295e-06
"1077","RPL15",0.358019630115628,0.000469388471785792
"1078","RPL15",0.000492629530309304,0.000469388471785792
"1079","RPL15",0.286703781034911,0.000469388471785792
"1080","RPL15",0.250790097635921,0.000469388471785792
"1081","RPL18",0.0190529020064806,1.44436156524947e-05
"1082","RPL18",0.0150619555290279,1.44436156524947e-05
"1083","RPL18",0.111822930380373,1.44436156524947e-05
"1084","RPL29",0.316757812939885,2.8573135870705e-07
"1085","RPL29",0.632342259623997,2.8573135870705e-07
"1086","RPL29",0.00964405919491634,2.8573135870705e-07
"1087","RPL29",0.0906201472623264,2.8573135870705e-07
"1088","RPL29",0.869015050443398,2.8573135870705e-07
"1089","RPL3",0.0853185098692838,8.12960703995367e-09
"1090","RPL3",0.0685899891367193,8.12960703995367e-09
"1091","RPL3",0.0158411025217117,8.12960703995367e-09
"1092","RPL35",0.026159092297753,0.00319841523942136
"1093","RPL35",0.0210883914933452,0.00319841523942136
"1094","RPL35",0.449176777708229,0.00319841523942136
"1095","RPL35",0.0221879207765096,0.00319841523942136
"1096","RPL36",0.0919273982615311,0.000206516333970408
"1097","RPL36",0.00761974225074269,0.000206516333970408
"1098","RPL36",0.909895435884162,0.000206516333970408
"1099","RPL4",0.0663737181124455,0.000492834149961532
"1100","RPL4",0.0282838151638099,0.000492834149961532
"1101","RPL5",0.0443666774566939,0.000715926637219957
"1102","RPL7",0.156528144122564,0.000772066116879662
"1103","RPL7",0.884951712796883,0.000772066116879662
"1104","RPL7",0.00325448403785004,0.000772066116879662
"1105","RPL7",0.347409380963893,0.000772066116879662
"1106","RPLP0",0.182285019251216,0.000245613262845514
"1107","RPLP0",0.836644031407119,0.000245613262845514
"1108","RPLP0",0.00589024611733266,0.000245613262845514
"1109","RPLP2",0.787020638764186,0.000212470436753648
"1110","RPLP2",0.0271730831321273,0.000212470436753648
"1111","RPRD2",0.0196094750684168,0.00010271660741594
"1112","RPS16",0.200819428409302,0.000187484557489541
"1113","RPS16",0.0234198717816022,0.000187484557489541
"1114","RPS2",0.0585605331684339,0.00447169083427277
"1115","RPS2",0.321265414713671,0.00447169083427277
"1116","RPS2",0.715290821088511,0.00447169083427277
"1117","RPS2",0.019587912169637,0.00447169083427277
"1118","RPS2",0.30936690704334,0.00447169083427277
"1119","RPS2",0.233138095822166,0.00447169083427277
"1120","RPS2",0.205809850039357,0.00447169083427277
"1121","RPS2",0.352041114614443,0.00447169083427277
"1122","RPS23",0.0464967815745003,6.37096113865591e-12
"1123","RPS23",0.127974784069411,6.37096113865591e-12
"1124","RPS23",0.2626599785322,6.37096113865591e-12
"1125","RPS6KA5",0.0154466678680199,5.5851655012802e-07
"1126","RPS6KC1",0.614290730959256,0.00112583842193763
"1127","RPS6KC1",0.0316526109127552,0.00112583842193763
"1128","RPSA",0.0238649644611296,2.30007301485178e-06
"1129","RPSA",0.107463602912198,2.30007301485178e-06
"1130","RPSA",0.165872441539594,2.30007301485178e-06
"1131","RPSA",0.0399479814861915,2.30007301485178e-06
"1132","RPSA",0.00550800352700195,2.30007301485178e-06
"1133","RPSA",0.0431342144913935,2.30007301485178e-06
"1134","RPSA",0.880818221368926,2.30007301485178e-06
"1135","RPSA",0.0312516405333673,2.30007301485178e-06
"1136","RSPH3",0.0486416606740488,0.00917056055407944
"1137","RTN3",0.269046369357326,1.06372153804583e-09
"1138","RTN3",0.00931897603964786,1.06372153804583e-09
"1139","RTN3",0.0115151344768596,1.06372153804583e-09
"1140","RTN3",0.0170935172765708,1.06372153804583e-09
"1141","S100A10",0.109314969595791,0.00299126748441676
"1142","S100A10",0.0135973112881503,0.00299126748441676
"1143","S100A11",0.0368820824664514,4.21490673663649e-05
"1144","S100A12",0.0271334882093505,3.43352925606149e-05
"1145","S100A9",0.00177159206233052,0.000607928808369813
"1146","S100P",0.0165014060975649,5.21495308567188e-05
"1147","SAP30",0.00347804555419815,7.05930668563574e-05
"1148","SAT1",0.0335284546638902,4.91798478645444e-08
"1149","SBDS",0.464362803489299,0.0156189223281563
"1150","SBDS",0.00536576814773991,0.0156189223281563
"1151","SCLT1",0.00646875584605537,5.4471085522758e-14
"1152","SCMH1",0.127368791885766,0.0226417575613366
"1153","SCMH1",0.00514095244317037,0.0226417575613366
"1154","SCML1",0.811088520995613,3.86277348437305e-07
"1155","SCML1",0.00744799719020935,3.86277348437305e-07
"1156","SEH1L",0.0173394649959063,2.93536417007392e-07
"1157","SEH1L",0.0331205219832609,2.93536417007392e-07
"1158","SEH1L",0.722671144449214,2.93536417007392e-07
"1159","SELENBP1",0.029282290973104,0.0006716629377234
"1160","SEMA4B",0.0316839235788973,6.86223210245874e-07
"1161","SEMA4D",8.26276429782336e-07,1.27045562473034e-11
"1162","SEMA4D",0.106879828581531,1.27045562473034e-11
"1163","SENP2",0.726095775836504,4.50394324455046e-06
"1164","SENP2",0.0410288081367491,4.50394324455046e-06
"1165","SERPINA1",0.255184507035116,9.8044519377935e-07
"1166","SERPINA1",0.252166692267237,9.8044519377935e-07
"1167","SERPINA1",0.0242433260834706,9.8044519377935e-07
"1168","SERPINA1",0.0587395286483802,9.8044519377935e-07
"1169","SESN1",0.00499577971365481,2.40163063508734e-05
"1170","SESN3",8.09286076456818e-05,0.000292651447429327
"1171","SGSM2",0.0425717616914701,0.000117818587952486
"1172","SH3BP5L",0.043577428675221,3.61355668061994e-05
"1173","SIAH1",0.389702851395446,0.0131700342370363
"1174","SIAH1",0.0444735053097827,0.0131700342370363
"1175","SIGLEC7",0.00598845424903487,4.05264664905751e-09
"1176","SIGLEC7",0.0397950499988259,4.05264664905751e-09
"1177","SIGLEC7",0.492485041929942,4.05264664905751e-09
"1178","SIPA1L2",1.4898824998735e-05,8.00664916162879e-13
"1179","SIRPA",0.0232142378922745,2.38142038390409e-05
"1180","SIRPA",0.0138525997198444,2.38142038390409e-05
"1181","SIRT2",0.404396221832967,0.000547413790594582
"1182","SIRT2",0.00157031284940103,0.000547413790594582
"1183","SIT1",0.00204702666728962,1.11306993341882e-07
"1184","SKAP1",0.00180354993277134,1.59296088210392e-07
"1185","SKAP1",0.00998726713823149,1.59296088210392e-07
"1186","SKAP2",0.257084721479537,3.80812394754234e-07
"1187","SKAP2",0.0252429887368689,3.80812394754234e-07
"1188","SLA",0.0740659295280755,1.14132341357749e-12
"1189","SLA",0.0284827247222466,1.14132341357749e-12
"1190","SLA",0.000155804405543946,1.14132341357749e-12
"1191","SLAIN1",0.0154824194760426,0.0395568492610521
"1192","SLAIN1",0.517880218024121,0.0395568492610521
"1193","SLC16A3",0.000142933022040471,7.48175264070612e-09
"1194","SLC22A4",0.0239158837639627,1.57452532765994e-07
"1195","SLC22A4",0.000373042804341148,1.57452532765994e-07
"1196","SLC25A13",0.0127200884454137,0.0387826290652045
"1197","SLC25A20",0.00154878066290567,0.0078317495760244
"1198","SLC25A20",1.52780605405316e-06,0.0078317495760244
"1199","SLC25A45",0.0388067706116151,1.35290025233591e-05
"1200","SLC25A45",0.624764572177051,1.35290025233591e-05
"1201","SLC26A2",0.0244716770231137,0.000515114142937787
"1202","SLC2A3",0.0190371222417762,1.28298118663914e-07
"1203","SLC2A3",0.13322858451785,1.28298118663914e-07
"1204","SLC35A5",0.00611098910104984,0.000142393762479975
"1205","SLC35E3",0.0181210754917643,0.000544725342538715
"1206","SLC38A1",0.620509550645128,6.09302609945655e-07
"1207","SLC38A1",0.0291324010827076,6.09302609945655e-07
"1208","SLC40A1",0.0647683315678822,1.95569615909072e-10
"1209","SLC40A1",0.02591708978845,1.95569615909072e-10
"1210","SLC41A3",0.0206933539080056,2.31894389646011e-07
"1211","SLC41A3",0.131519037750097,2.31894389646011e-07
"1212","SLC7A1",0.00533171533220387,0.000288018540622293
"1213","SLCO4C1",0.000355098528170269,5.12389076901057e-06
"1214","SLMAP",0.00253280421225203,1.93920591862495e-08
"1215","SMAP2",4.36676407754311e-05,5.00526841409799e-18
"1216","SMAP2",1.19082928776926e-05,5.00526841409799e-18
"1217","SMCHD1",0.0198754207594918,1.18359686210288e-07
"1218","SMDT1",0.0112674310968706,0.0279559040220659
"1219","SMS",0.03634000440627,0.0373894407175651
"1220","SMS",0.232168607526852,0.0373894407175651
"1221","SNRNP35",0.33831386924645,0.0193201875266357
"1222","SNRNP35",0.0198796934857606,0.0193201875266357
"1223","SNRPA1",0.00133885595468631,1.28204416841462e-07
"1224","SNRPA1",0.828408252924564,1.28204416841462e-07
"1225","SNX10",0.0182511378286436,4.20340090728109e-05
"1226","SNX11",0.749624635093769,2.52660406806435e-05
"1227","SNX11",0.0413932866584897,2.52660406806435e-05
"1228","SNX13",0.0170452485582797,3.94496726003611e-06
"1229","SNX27",0.0359878198441399,1.43894204580008e-10
"1230","SOD1",0.0171265447048826,7.37490401032796e-05
"1231","SPARC",0.0376102786184847,9.35603387748189e-07
"1232","SPAST",0.602366261291037,1.61980041864798e-06
"1233","SPAST",0.0011350419738614,1.61980041864798e-06
"1234","SPI1",0.0250819808319959,0.000182010215644208
"1235","SPI1",0.0115808424024728,0.000182010215644208
"1236","SPIDR",0.0100581532519719,1.59841296199752e-05
"1237","SRBD1",0.0263501833071324,0.00142434413544118
"1238","SRGAP2",0.00273300351394489,3.96011554937719e-06
"1239","SRGAP2",0.668149735847581,3.96011554937719e-06
"1240","SRGAP2",0.484335715466352,3.96011554937719e-06
"1241","SRGN",0.100535191929213,1.07264596990569e-11
"1242","SRGN",0.00986957274298768,1.07264596990569e-11
"1243","SRPRB",0.0379361927522939,0.0407007308429895
"1244","SRSF10",0.0288893361527878,0.00158425670456444
"1245","SRSF10",0.242144295585581,0.00158425670456444
"1246","SRSF10",0.589932868727685,0.00158425670456444
"1247","ST13",0.0998465706817941,2.19614356859681e-05
"1248","ST13",0.0269743428679152,2.19614356859681e-05
"1249","ST13",0.0202232253027912,2.19614356859681e-05
"1250","ST13",0.752031415216478,2.19614356859681e-05
"1251","ST6GALNAC4",0.58493416351367,0.000217548614053397
"1252","ST6GALNAC4",0.00520132592761719,0.000217548614053397
"1253","ST6GALNAC4",0.0143006252415503,0.000217548614053397
"1254","ST8SIA4",0.0264042403305622,3.54485031885064e-05
"1255","ST8SIA4",0.0638010260762786,3.54485031885064e-05
"1256","ST8SIA4",0.027234653886983,3.54485031885064e-05
"1257","STARD7",0.218253949228151,0.0293898561246461
"1258","STARD7",0.00469749806724141,0.0293898561246461
"1259","STARD7",0.148474585580024,0.0293898561246461
"1260","STAT6",0.0392818069770601,3.35294174213324e-07
"1261","STK24",0.00484920784888656,6.79608263561882e-09
"1262","STK24",0.294458344329944,6.79608263561882e-09
"1263","STK40",0.0138209108972468,4.13644827936043e-13
"1264","STK40",0.309096379460083,4.13644827936043e-13
"1265","STX10",0.032597683239119,1.0420167820379e-05
"1266","STX11",0.0168039080627552,1.06938285585616e-08
"1267","STX3",0.00218347062846497,5.18585719134602e-10
"1268","STX6",0.00825079413892354,6.81799029008069e-09
"1269","STX6",0.050223342277709,6.81799029008069e-09
"1270","STXBP5",0.00665929807477395,0.000235826103881912
"1271","SULF2",0.00726267704561931,6.48147430738262e-06
"1272","SULF2",0.0537493161921136,6.48147430738262e-06
"1273","SULF2",0.00136711506568204,6.48147430738262e-06
"1274","SUPT20H",0.0037920695243615,0.000125031953602444
"1275","SUPT20H",0.14318031375459,0.000125031953602444
"1276","SWAP70",0.0332306916506587,3.96266134384756e-10
"1277","SYF2",0.00429371414656678,0.0169780962288452
"1278","SYF2",0.950101950896938,0.0169780962288452
"1279","SYNJ1",0.0293203723729724,2.53445122125503e-07
"1280","SYNJ1",0.871568052064771,2.53445122125503e-07
"1281","TALDO1",0.0171995691943938,4.48978234169998e-09
"1282","TBK1",0.0128223603760764,8.95425445261032e-07
"1283","TCEA3",0.014467757702116,2.17767165537817e-07
"1284","TCF12",0.202976442033214,1.27072633624037e-05
"1285","TCF12",0.0225137227976689,1.27072633624037e-05
"1286","TCF7",0.0395586324333674,1.24560954375923e-14
"1287","TCF7",0.00651860054229672,1.24560954375923e-14
"1288","TCIRG1",0.274781029484652,6.02627012383639e-09
"1289","TCIRG1",0.000441603518169792,6.02627012383639e-09
"1290","TFDP1",0.312044323672025,3.25776243988866e-06
"1291","TFDP1",0.0394924357997174,3.25776243988866e-06
"1292","TFIP11",0.883667473460412,0.0026544270988742
"1293","TFIP11",0.0201233677956039,0.0026544270988742
"1294","TFIP11",0.581065617841631,0.0026544270988742
"1295","TGFA",0.000869155891599741,1.29787540827023e-09
"1296","TGFA",0.00197409363702235,1.29787540827023e-09
"1297","TGIF2",0.0481932528416781,0.00447082106206752
"1298","TIGD7",0.00743954061316577,0.0134462868740653
"1299","TIMM21",0.0086383375442592,0.0140387459345574
"1300","TIMM21",0.280489350275174,0.0140387459345574
"1301","TIMP2",0.0624312937078221,8.82335764164297e-09
"1302","TIMP2",0.0146116651287096,8.82335764164297e-09
"1303","TLR10",0.00139758731309509,3.99458548449453e-07
"1304","TLR10",0.0441450352442613,3.99458548449453e-07
"1305","TLR10",0.00929645710263716,3.99458548449453e-07
"1306","TLR4",0.00960945717033005,8.40260355986364e-10
"1307","TLR7",0.0390388161541061,0.00540577734049389
"1308","TLR8",0.125673074212791,3.37033575899592e-09
"1309","TLR8",0.0130701166593845,3.37033575899592e-09
"1310","TM6SF1",0.0463237208217897,5.74498801302667e-06
"1311","TMCO6",0.00204752068326319,0.0144764343789756
"1312","TMEM11",0.0486246198120294,0.0191791909710723
"1313","TMEM120A",0.00102544325933461,4.70637614962163e-12
"1314","TMEM134",0.00432948555642613,2.84405247880675e-09
"1315","TMEM134",0.0407676058115688,2.84405247880675e-09
"1316","TMEM140",0.00137623745705689,2.41430694023766e-09
"1317","TMEM154",0.0192544470321272,4.8536495000595e-10
"1318","TMEM154",0.0568085099564894,4.8536495000595e-10
"1319","TMEM156",0.0227161971483075,0.0249351443953985
"1320","TMEM156",0.119620285648194,0.0249351443953985
"1321","TMEM183A",0.0133732232136224,2.34690366899914e-06
"1322","TMEM256",0.0128376486983701,0.047036707642614
"1323","TMEM33",0.0329719938150187,8.32853168514633e-06
"1324","TMEM33",0.0848442375633399,8.32853168514633e-06
"1325","TMEM43",0.0420720653630709,3.90210297039574e-07
"1326","TMEM71",0.00990496557132872,2.13351712375126e-10
"1327","TMSB4X",0.0155433527373756,0.042137986438022
"1328","TMSB4X",0.255541174855007,0.042137986438022
"1329","TMUB2",0.0579033040149447,3.410146152825e-05
"1330","TMUB2",0.0109630344489379,3.410146152825e-05
"1331","TMUB2",0.136933494374362,3.410146152825e-05
"1332","TNFAIP6",0.0414437381388706,3.82940856416949e-07
"1333","TNFAIP6",0.558995700610051,3.82940856416949e-07
"1334","TNFRSF10B",0.00521909509224439,0.00690319862055992
"1335","TNFRSF10B",0.936409358935852,0.00690319862055992
"1336","TNFRSF10B",0.232988265899765,0.00690319862055992
"1337","TNFRSF10C",0.000231930061013888,1.30043835021224e-08
"1338","TNFRSF1A",0.00169008728279491,1.83013866569605e-08
"1339","TNFRSF1B",0.0493756847360378,1.13191035246847e-06
"1340","TNFRSF25",0.00958431989936163,4.85136076773873e-07
"1341","TNFRSF25",0.742053376431997,4.85136076773873e-07
"1342","TNFRSF8",0.0353212213179644,0.0457653101707854
"1343","TNFSF4",0.00493937914703253,4.85709203677319e-06
"1344","TNFSF4",0.035265148628839,4.85709203677319e-06
"1345","TOM1L2",0.030129274541027,0.0142221135056741
"1346","TOM1L2",0.888333001111526,0.0142221135056741
"1347","TOM1L2",0.541170140347875,0.0142221135056741
"1348","TOMM40",0.000178428859923403,0.000169300185012906
"1349","TOPORS",0.0312540288331834,1.21266169791937e-09
"1350","TOPORS",0.492469938561798,1.21266169791937e-09
"1351","TP53INP1",0.0257734812035526,1.63509504828477e-06
"1352","TP53INP1",0.0584271348571483,1.63509504828477e-06
"1353","TPST1",0.00203172983225631,3.06023130956487e-14
"1354","TRAF3IP3",0.00476696046956821,5.74299630686065e-08
"1355","TRANK1",0.005755438154975,4.31391844478522e-07
"1356","TREM1",0.0184404676025176,4.91470551046663e-08
"1357","TRERF1",0.023448692937897,0.0299279412933463
"1358","TRIB1",0.00190360489669236,6.69565359564567e-06
"1359","TRIM10",0.509633317200473,0.00084010291726583
"1360","TRIM10",0.0569884805311221,0.00084010291726583
"1361","TRIM10",0.0133779528496635,0.00084010291726583
"1362","TRIM10",0.397988768849599,0.00084010291726583
"1363","TRIM27",0.354210653395553,0.00106823129275546
"1364","TRIM27",0.0123008399835046,0.00106823129275546
"1365","TRIM4",0.0401647295110791,0.000622346597539307
"1366","TRIM4",0.930597847011032,0.000622346597539307
"1367","TRIOBP",0.0460435888369333,0.00425900847675681
"1368","TRIOBP",0.0159587084267285,0.00425900847675681
"1369","TRIOBP",0.412323904958422,0.00425900847675681
"1370","TRRAP",0.0036091213119547,0.00261497917348233
"1371","TSC22D3",0.00123825689092784,2.62352215172102e-13
"1372","TSC22D3",0.0486620924933141,2.62352215172102e-13
"1373","TSC22D3",0.00298437814793044,2.62352215172102e-13
"1374","TSC22D3",0.368715118705033,2.62352215172102e-13
"1375","TSC22D3",0.380276425575046,2.62352215172102e-13
"1376","TSEN34",0.000405758391947768,2.91770605971203e-07
"1377","TSEN34",0.0250175463468975,2.91770605971203e-07
"1378","TSPAN4",0.0270055823899356,2.94092649137627e-10
"1379","TSPAN4",0.0573501133945395,2.94092649137627e-10
"1380","TTC3",0.00710824725657746,4.84398745545946e-10
"1381","TTC9C",0.179564855545424,0.0219487289406169
"1382","TTC9C",0.0446470299481156,0.0219487289406169
"1383","TUBA1A",0.0172806770585225,7.25695238834795e-05
"1384","TUBA1A",0.0300886112320885,7.25695238834795e-05
"1385","TUBB1",0.0271123279844147,9.9028559683699e-06
"1386","TXK",0.0489471699400645,7.53601230697494e-08
"1387","TXN",0.116419855158253,7.43482144223638e-09
"1388","TXN",0.0373754054714152,7.43482144223638e-09
"1389","TYROBP",0.0424099278904518,5.38967797289773e-08
"1390","U2AF2",0.00015499867266486,0.0294961034075254
"1391","U2AF2",0.921235559982688,0.0294961034075254
"1392","UBALD2",0.0115554187026006,7.69087779233235e-11
"1393","UBASH3A",0.00999788145689382,1.30994828050455e-10
"1394","UBE2E3",0.0215980691923791,0.000684578827932123
"1395","UBE2E3",0.641467011907607,0.000684578827932123
"1396","UBE2J1",0.00280826632829358,0.00582960123798623
"1397","UBE2Q1",0.0360989899328517,0.0142659720445252
"1398","UBIAD1",0.0286255074244883,4.622220073479e-09
"1399","UBL5",0.152743181732098,0.00188760305060733
"1400","UBL5",0.0135757534757708,0.00188760305060733
"1401","UBL5",0.573108271911438,0.00188760305060733
"1402","UBN1",0.961487531228016,3.07616114642252e-09
"1403","UBN1",0.00861749361221033,3.07616114642252e-09
"1404","UBXN7",0.0455136102687555,5.62163463759256e-06
"1405","UBXN7",0.214573461826858,5.62163463759256e-06
"1406","UEVLD",0.0401611118010432,0.00139521241243868
"1407","UEVLD",0.884402617814991,0.00139521241243868
"1408","UIMC1",0.0263902601521549,1.48287413432507e-09
"1409","URI1",0.0154244189390046,2.62037751465431e-05
"1410","URI1",0.0421480862926589,2.62037751465431e-05
"1411","USB1",0.0303795622789798,2.0399500603436e-06
"1412","USP10",0.00035975444385782,1.69873775976145e-11
"1413","USP3",0.0265550790048627,0.000436102925023264
"1414","USP4",0.147652821161114,4.14420078574062e-08
"1415","USP4",0.00328871150909244,4.14420078574062e-08
"1416","UTP14A",0.012412088974838,0.000283715344169221
"1417","UTP14A",0.000690357570412883,0.000283715344169221
"1418","VCAN",0.0340807070623689,0.00570463249625277
"1419","VCPKMT",0.536278359026359,0.000172966449451066
"1420","VCPKMT",0.0299875654250864,0.000172966449451066
"1421","VMP1",0.000827456148738357,1.69949122699792e-11
"1422","VNN1",0.00664540287626444,1.41418876124987e-07
"1423","VNN2",0.0494203701211065,4.73119312395218e-10
"1424","VNN2",0.15111389815113,4.73119312395218e-10
"1425","VNN2",0.00058434273473594,4.73119312395218e-10
"1426","VPS26A",0.036689442453574,0.00325693936468016
"1427","VPS26A",0.776090413074213,0.00325693936468016
"1428","WAS",0.0196392944202917,1.32074257361061e-08
"1429","WDFY3",0.0324072714943575,9.58363506212003e-07
"1430","WDR27",0.0362660959301205,2.18838287495075e-06
"1431","WDR33",0.933195292061591,0.00960821466771636
"1432","WDR33",0.0138728358879663,0.00960821466771636
"1433","WDR33",0.763731300627358,0.00960821466771636
"1434","WDR33",0.735119657777004,0.00960821466771636
"1435","WDR4",0.0497925809369709,6.77459178385114e-05
"1436","WDR4",0.635093641243823,6.77459178385114e-05
"1437","WDR5",0.0383669104848567,0.000424408408646464
"1438","WDR81",0.0145598974248614,0.000610981547273054
"1439","WIPF2",0.029648996067274,6.36991396149527e-07
"1440","WLS",0.0346680221498019,7.34310452032604e-06
"1441","WLS",0.000878945167939544,7.34310452032604e-06
"1442","WLS",0.0123255311764581,7.34310452032604e-06
"1443","WLS",0.00728887150770417,7.34310452032604e-06
"1444","WWP1",0.0255067284556791,4.57411040710365e-08
"1445","YBX3",0.00865201881087821,1.16213570320418e-09
"1446","YIPF4",0.043218879384114,1.58991470476551e-06
"1447","YPEL5",0.0302188294176634,1.30217305029239e-13
"1448","ZBTB16",0.00562405524943213,9.08325798875563e-13
"1449","ZBTB16",0.0148179068570026,9.08325798875563e-13
"1450","ZBTB4",0.000229093662205687,1.53515262862391e-07
"1451","ZBTB4",0.242349082144412,1.53515262862391e-07
"1452","ZBTB44",0.0113684015547989,1.93700436292956e-06
"1453","ZBTB44",0.793542907836081,1.93700436292956e-06
"1454","ZDHHC18",0.00949573321687317,6.99602238583685e-10
"1455","ZFHX3",0.00205489374830348,0.00818737726953229
"1456","ZFP36",0.0131873016405801,0.0404230856453333
"1457","ZFP90",0.0281519508893209,0.0131696339808522
"1458","ZFYVE16",0.000639464836578878,1.35003439599439e-10
"1459","ZFYVE16",0.0480753228647209,1.35003439599439e-10
"1460","ZHX3",0.0223336774980527,0.00835012070700265
"1461","ZMIZ1",0.0467368940445378,3.00554916991649e-06
"1462","ZMPSTE24",0.0237462027215876,3.52103302823306e-06
"1463","ZNF200",0.0292421740774993,8.86276362386509e-05
"1464","ZNF200",0.269178896110174,8.86276362386509e-05
"1465","ZNF230",0.00601478804501388,1.24832776763283e-06
"1466","ZNF263",0.0482696949832072,0.00138187610792493
"1467","ZNF37A",0.00187073415963069,9.07031329972376e-06
"1468","ZNF37A",0.355525854875801,9.07031329972376e-06
"1469","ZNF514",0.00201363334396196,0.000213019919267044
"1470","ZNF514",0.348748217726024,0.000213019919267044
"1471","ZNF516",0.000547081844326221,8.19294673219206e-08
"1472","ZNF529",0.0201881429139296,6.85648941584024e-08
"1473","ZNF573",0.00954169536362739,0.00575667643838942
"1474","ZNF671",0.0282121213643309,0.00520096335496278
"1475","ZNF706",0.00326105851350137,2.07892980234663e-05
"1476","ZNF706",0.760094536815874,2.07892980234663e-05
"1477","ZSWIM6",0.0188396189560073,1.0318006322235e-06
